"de.ecspride.MainActivity$MyThread: deviceId","359874043116909","<11 INVOKE,VIRTUAL,extra=[android.telephony.TelephonyManager/getDeviceId[], [0]]>"
"de.ecspride.MainActivity$MyThread: deviceId","359874043116909","<11 INVOKE,VIRTUAL,extra=[android.telephony.TelephonyManager/getDeviceId[], [0]]>"
"de.ecspride.MainActivity$MyThread: deviceId","359874043116909","<11 INVOKE,VIRTUAL,extra=[android.telephony.TelephonyManager/getDeviceId[], [0]]>"
"de.ecspride.MainActivity$MyThread: deviceId","359874043116909","<11 INVOKE,VIRTUAL,extra=[android.telephony.TelephonyManager/getDeviceId[], [0]]>"
"de.ecspride.MainActivity$MyThread: deviceId","359874043116909","<11 INVOKE,VIRTUAL,extra=[android.telephony.TelephonyManager/getDeviceId[], [0]]>"
"de.ecspride.MainActivity$MyThread: deviceId","359874043116909","<11 INVOKE,VIRTUAL,extra=[android.telephony.TelephonyManager/getDeviceId[], [0]]>"
"de.ecspride.MainActivity$MyThread: deviceId","359874043116909","<11 INVOKE,VIRTUAL,extra=[android.telephony.TelephonyManager/getDeviceId[], [0]]>"
"de.ecspride.MainActivity$MyThread: deviceId","359874043116909","<11 INVOKE,VIRTUAL,extra=[android.telephony.TelephonyManager/getDeviceId[], [0]]>"
"de.ecspride.MainActivity$MyThread: deviceId","359874043116909","<11 INVOKE,VIRTUAL,extra=[android.telephony.TelephonyManager/getDeviceId[], [0]]>"
"de.ecspride.MainActivity$MyThread: deviceId","359874043116909","<11 INVOKE,VIRTUAL,extra=[android.telephony.TelephonyManager/getDeviceId[], [0]]>"
"de.ecspride.MainActivity$MyThread: deviceId","359874043116909","<11 INVOKE,VIRTUAL,extra=[android.telephony.TelephonyManager/getDeviceId[], [0]]>"
"de.ecspride.MainActivity$MyThread: deviceId","359874043116909","<11 INVOKE,VIRTUAL,extra=[android.telephony.TelephonyManager/getDeviceId[], [0]]>"
