"edu.mit.event_ordering.MainActivity: imei","359874043116909","<16 INVOKE,VIRTUAL,extra=[android.telephony.TelephonyManager/getDeviceId[], [6]]>"
"edu.mit.event_ordering.MainActivity: imei","359874043116909","<16 INVOKE,VIRTUAL,extra=[android.telephony.TelephonyManager/getDeviceId[], [6]]>"
"edu.mit.event_ordering.MainActivity: imei","359874043116909","<16 INVOKE,VIRTUAL,extra=[android.telephony.TelephonyManager/getDeviceId[], [6]]>"
"edu.mit.event_ordering.MainActivity: imei","359874043116909","<16 INVOKE,VIRTUAL,extra=[android.telephony.TelephonyManager/getDeviceId[], [6]]>"
"edu.mit.event_ordering.MainActivity: imei","359874043116909","<16 INVOKE,VIRTUAL,extra=[android.telephony.TelephonyManager/getDeviceId[], [6]]>"
"edu.mit.event_ordering.MainActivity: imei","359874043116909","<16 INVOKE,VIRTUAL,extra=[android.telephony.TelephonyManager/getDeviceId[], [6]]>"
"edu.mit.event_ordering.MainActivity: imei","359874043116909","<16 INVOKE,VIRTUAL,extra=[android.telephony.TelephonyManager/getDeviceId[], [6]]>"
"edu.mit.event_ordering.MainActivity: imei","359874043116909","<16 INVOKE,VIRTUAL,extra=[android.telephony.TelephonyManager/getDeviceId[], [6]]>"
"edu.mit.event_ordering.MainActivity: imei","359874043116909","<16 INVOKE,VIRTUAL,extra=[android.telephony.TelephonyManager/getDeviceId[], [6]]>"
"edu.mit.event_ordering.MainActivity: imei","359874043116909","<16 INVOKE,VIRTUAL,extra=[android.telephony.TelephonyManager/getDeviceId[], [6]]>"
"edu.mit.event_ordering.MainActivity: imei","359874043116909","<16 INVOKE,VIRTUAL,extra=[android.telephony.TelephonyManager/getDeviceId[], [6]]>"
"edu.mit.event_ordering.MainActivity/imei","359874043116909","<16 INVOKE,VIRTUAL,extra=[android.telephony.TelephonyManager/getDeviceId[], [6]]>"
"edu.mit.event_ordering.MainActivity/imei","359874043116909","<16 INVOKE,VIRTUAL,extra=[android.telephony.TelephonyManager/getDeviceId[], [6]]>"
"edu.mit.event_ordering.MainActivity/imei","359874043116909","<16 INVOKE,VIRTUAL,extra=[android.telephony.TelephonyManager/getDeviceId[], [6]]>"
"edu.mit.event_ordering.MainActivity/imei","359874043116909","<16 INVOKE,VIRTUAL,extra=[android.telephony.TelephonyManager/getDeviceId[], [6]]>"
"edu.mit.event_ordering.MainActivity/imei","359874043116909","<16 INVOKE,VIRTUAL,extra=[android.telephony.TelephonyManager/getDeviceId[], [6]]>"
"edu.mit.event_ordering.MainActivity/imei","359874043116909","<16 INVOKE,VIRTUAL,extra=[android.telephony.TelephonyManager/getDeviceId[], [6]]>"
"edu.mit.event_ordering.MainActivity/imei","359874043116909","<16 INVOKE,VIRTUAL,extra=[android.telephony.TelephonyManager/getDeviceId[], [6]]>"
"concat","359874043116909","<8 INVOKE,VIRTUAL,extra=[android.telephony.TelephonyManager/getDeviceId[], [1]]>"
"de.ecspride.LocationLeak2/longtitude","-121.759603","<3 INVOKE,VIRTUAL,extra=[android.location.Location/getLongitude[], [6]]>"
"de.ecspride.LocationLeak2/latitude","38.53203","<1 INVOKE,VIRTUAL,extra=[android.location.Location/getLatitude[], [6]]>"
"concat","359874043116909","<8 INVOKE,VIRTUAL,extra=[android.telephony.TelephonyManager/getDeviceId[], [1]]>"
"concat","359874043116909","<8 INVOKE,VIRTUAL,extra=[android.telephony.TelephonyManager/getDeviceId[], [1]]>"
"sendTextMessage","359874043116909","<10 INVOKE,VIRTUAL,extra=[android.telephony.TelephonyManager/getDeviceId[], [7]]>"
"concat","359874043116909","<8 INVOKE,VIRTUAL,extra=[android.telephony.TelephonyManager/getDeviceId[], [1]]>"
"edu.mit.event_ordering.MainActivity/imei","359874043116909","<16 INVOKE,VIRTUAL,extra=[android.telephony.TelephonyManager/getDeviceId[], [6]]>"
"sendTextMessage","359874043116909","<16 INVOKE,VIRTUAL,extra=[android.telephony.TelephonyManager/getDeviceId[], [6]]>"
"i","359874043116909","<16 INVOKE,VIRTUAL,extra=[android.telephony.TelephonyManager/getDeviceId[], [6]]>"
"edu.mit.event_ordering.MainActivity/imei","359874043116909","<16 INVOKE,VIRTUAL,extra=[android.telephony.TelephonyManager/getDeviceId[], [6]]>"
"sendTextMessage","359874043116909","<16 INVOKE,VIRTUAL,extra=[android.telephony.TelephonyManager/getDeviceId[], [6]]>"
"i","359874043116909","<16 INVOKE,VIRTUAL,extra=[android.telephony.TelephonyManager/getDeviceId[], [6]]>"
"edu.mit.event_ordering.MainActivity/imei","359874043116909","<16 INVOKE,VIRTUAL,extra=[android.telephony.TelephonyManager/getDeviceId[], [6]]>"
"sendTextMessage","359874043116909","<16 INVOKE,VIRTUAL,extra=[android.telephony.TelephonyManager/getDeviceId[], [6]]>"
"i","359874043116909","<16 INVOKE,VIRTUAL,extra=[android.telephony.TelephonyManager/getDeviceId[], [6]]>"
"edu.mit.event_ordering.MainActivity/imei","359874043116909","<16 INVOKE,VIRTUAL,extra=[android.telephony.TelephonyManager/getDeviceId[], [6]]>"
"sendTextMessage","359874043116909","<16 INVOKE,VIRTUAL,extra=[android.telephony.TelephonyManager/getDeviceId[], [6]]>"
"i","359874043116909","<16 INVOKE,VIRTUAL,extra=[android.telephony.TelephonyManager/getDeviceId[], [6]]>"
"edu.mit.event_ordering.MainActivity/imei","359874043116909","<16 INVOKE,VIRTUAL,extra=[android.telephony.TelephonyManager/getDeviceId[], [6]]>"
"sendTextMessage","359874043116909","<16 INVOKE,VIRTUAL,extra=[android.telephony.TelephonyManager/getDeviceId[], [6]]>"
"i","359874043116909","<16 INVOKE,VIRTUAL,extra=[android.telephony.TelephonyManager/getDeviceId[], [6]]>"
"edu.mit.event_ordering.MainActivity/imei","359874043116909","<16 INVOKE,VIRTUAL,extra=[android.telephony.TelephonyManager/getDeviceId[], [6]]>"
"sendTextMessage","359874043116909","<16 INVOKE,VIRTUAL,extra=[android.telephony.TelephonyManager/getDeviceId[], [6]]>"
"i","359874043116909","<16 INVOKE,VIRTUAL,extra=[android.telephony.TelephonyManager/getDeviceId[], [6]]>"
"edu.mit.event_ordering.MainActivity/imei","359874043116909","<16 INVOKE,VIRTUAL,extra=[android.telephony.TelephonyManager/getDeviceId[], [6]]>"
"sendTextMessage","359874043116909","<16 INVOKE,VIRTUAL,extra=[android.telephony.TelephonyManager/getDeviceId[], [6]]>"
"i","359874043116909","<16 INVOKE,VIRTUAL,extra=[android.telephony.TelephonyManager/getDeviceId[], [6]]>"
"edu.mit.event_ordering.MainActivity/imei","359874043116909","<16 INVOKE,VIRTUAL,extra=[android.telephony.TelephonyManager/getDeviceId[], [6]]>"
"sendTextMessage","359874043116909","<16 INVOKE,VIRTUAL,extra=[android.telephony.TelephonyManager/getDeviceId[], [6]]>"
"i","359874043116909","<16 INVOKE,VIRTUAL,extra=[android.telephony.TelephonyManager/getDeviceId[], [6]]>"
"edu.mit.event_ordering.MainActivity/imei","359874043116909","<16 INVOKE,VIRTUAL,extra=[android.telephony.TelephonyManager/getDeviceId[], [6]]>"
"sendTextMessage","359874043116909","<16 INVOKE,VIRTUAL,extra=[android.telephony.TelephonyManager/getDeviceId[], [6]]>"
"i","359874043116909","<16 INVOKE,VIRTUAL,extra=[android.telephony.TelephonyManager/getDeviceId[], [6]]>"
"edu.mit.event_ordering.MainActivity/imei","359874043116909","<16 INVOKE,VIRTUAL,extra=[android.telephony.TelephonyManager/getDeviceId[], [6]]>"
"sendTextMessage","359874043116909","<16 INVOKE,VIRTUAL,extra=[android.telephony.TelephonyManager/getDeviceId[], [6]]>"
"i","359874043116909","<16 INVOKE,VIRTUAL,extra=[android.telephony.TelephonyManager/getDeviceId[], [6]]>"
"edu.mit.event_ordering.MainActivity/imei","359874043116909","<16 INVOKE,VIRTUAL,extra=[android.telephony.TelephonyManager/getDeviceId[], [6]]>"
"sendTextMessage","359874043116909","<16 INVOKE,VIRTUAL,extra=[android.telephony.TelephonyManager/getDeviceId[], [6]]>"
"i","359874043116909","<16 INVOKE,VIRTUAL,extra=[android.telephony.TelephonyManager/getDeviceId[], [6]]>"
"edu.mit.event_ordering.MainActivity/imei","359874043116909","<16 INVOKE,VIRTUAL,extra=[android.telephony.TelephonyManager/getDeviceId[], [6]]>"
"sendTextMessage","359874043116909","<16 INVOKE,VIRTUAL,extra=[android.telephony.TelephonyManager/getDeviceId[], [6]]>"
"i","359874043116909","<16 INVOKE,VIRTUAL,extra=[android.telephony.TelephonyManager/getDeviceId[], [6]]>"
"edu.mit.event_ordering.MainActivity/imei","359874043116909","<16 INVOKE,VIRTUAL,extra=[android.telephony.TelephonyManager/getDeviceId[], [6]]>"
"sendTextMessage","359874043116909","<16 INVOKE,VIRTUAL,extra=[android.telephony.TelephonyManager/getDeviceId[], [6]]>"
"i","359874043116909","<16 INVOKE,VIRTUAL,extra=[android.telephony.TelephonyManager/getDeviceId[], [6]]>"
"edu.mit.event_ordering.MainActivity/imei","359874043116909","<16 INVOKE,VIRTUAL,extra=[android.telephony.TelephonyManager/getDeviceId[], [6]]>"
"sendTextMessage","359874043116909","<16 INVOKE,VIRTUAL,extra=[android.telephony.TelephonyManager/getDeviceId[], [6]]>"
"i","359874043116909","<16 INVOKE,VIRTUAL,extra=[android.telephony.TelephonyManager/getDeviceId[], [6]]>"
"edu.mit.event_ordering.MainActivity/imei","359874043116909","<16 INVOKE,VIRTUAL,extra=[android.telephony.TelephonyManager/getDeviceId[], [6]]>"
"sendTextMessage","359874043116909","<16 INVOKE,VIRTUAL,extra=[android.telephony.TelephonyManager/getDeviceId[], [6]]>"
"i","359874043116909","<16 INVOKE,VIRTUAL,extra=[android.telephony.TelephonyManager/getDeviceId[], [6]]>"
"edu.mit.event_ordering.MainActivity/imei","359874043116909","<16 INVOKE,VIRTUAL,extra=[android.telephony.TelephonyManager/getDeviceId[], [6]]>"
"sendTextMessage","359874043116909","<16 INVOKE,VIRTUAL,extra=[android.telephony.TelephonyManager/getDeviceId[], [6]]>"
"i","359874043116909","<16 INVOKE,VIRTUAL,extra=[android.telephony.TelephonyManager/getDeviceId[], [6]]>"
"edu.mit.event_ordering.MainActivity/imei","359874043116909","<16 INVOKE,VIRTUAL,extra=[android.telephony.TelephonyManager/getDeviceId[], [6]]>"
"sendTextMessage","359874043116909","<16 INVOKE,VIRTUAL,extra=[android.telephony.TelephonyManager/getDeviceId[], [6]]>"
"i","359874043116909","<16 INVOKE,VIRTUAL,extra=[android.telephony.TelephonyManager/getDeviceId[], [6]]>"
"edu.mit.event_ordering.MainActivity/imei","359874043116909","<16 INVOKE,VIRTUAL,extra=[android.telephony.TelephonyManager/getDeviceId[], [6]]>"
"sendTextMessage","359874043116909","<16 INVOKE,VIRTUAL,extra=[android.telephony.TelephonyManager/getDeviceId[], [6]]>"
"i","359874043116909","<16 INVOKE,VIRTUAL,extra=[android.telephony.TelephonyManager/getDeviceId[], [6]]>"
"edu.mit.event_ordering.MainActivity/imei","359874043116909","<16 INVOKE,VIRTUAL,extra=[android.telephony.TelephonyManager/getDeviceId[], [6]]>"
"sendTextMessage","359874043116909","<16 INVOKE,VIRTUAL,extra=[android.telephony.TelephonyManager/getDeviceId[], [6]]>"
"i","359874043116909","<16 INVOKE,VIRTUAL,extra=[android.telephony.TelephonyManager/getDeviceId[], [6]]>"
"edu.mit.event_ordering.MainActivity/imei","359874043116909","<16 INVOKE,VIRTUAL,extra=[android.telephony.TelephonyManager/getDeviceId[], [6]]>"
"sendTextMessage","359874043116909","<16 INVOKE,VIRTUAL,extra=[android.telephony.TelephonyManager/getDeviceId[], [6]]>"
"i","359874043116909","<16 INVOKE,VIRTUAL,extra=[android.telephony.TelephonyManager/getDeviceId[], [6]]>"
"edu.mit.event_ordering.MainActivity/imei","359874043116909","<16 INVOKE,VIRTUAL,extra=[android.telephony.TelephonyManager/getDeviceId[], [6]]>"
"sendTextMessage","359874043116909","<16 INVOKE,VIRTUAL,extra=[android.telephony.TelephonyManager/getDeviceId[], [6]]>"
"i","359874043116909","<16 INVOKE,VIRTUAL,extra=[android.telephony.TelephonyManager/getDeviceId[], [6]]>"
"edu.mit.event_ordering.MainActivity/imei","359874043116909","<16 INVOKE,VIRTUAL,extra=[android.telephony.TelephonyManager/getDeviceId[], [6]]>"
"sendTextMessage","359874043116909","<16 INVOKE,VIRTUAL,extra=[android.telephony.TelephonyManager/getDeviceId[], [6]]>"
"i","359874043116909","<16 INVOKE,VIRTUAL,extra=[android.telephony.TelephonyManager/getDeviceId[], [6]]>"
"edu.mit.event_ordering.MainActivity/imei","359874043116909","<16 INVOKE,VIRTUAL,extra=[android.telephony.TelephonyManager/getDeviceId[], [6]]>"
"sendTextMessage","359874043116909","<16 INVOKE,VIRTUAL,extra=[android.telephony.TelephonyManager/getDeviceId[], [6]]>"
"i","359874043116909","<16 INVOKE,VIRTUAL,extra=[android.telephony.TelephonyManager/getDeviceId[], [6]]>"
"edu.mit.event_ordering.MainActivity/imei","359874043116909","<16 INVOKE,VIRTUAL,extra=[android.telephony.TelephonyManager/getDeviceId[], [6]]>"
"sendTextMessage","359874043116909","<16 INVOKE,VIRTUAL,extra=[android.telephony.TelephonyManager/getDeviceId[], [6]]>"
"i","359874043116909","<16 INVOKE,VIRTUAL,extra=[android.telephony.TelephonyManager/getDeviceId[], [6]]>"
"edu.mit.event_ordering.MainActivity/imei","359874043116909","<16 INVOKE,VIRTUAL,extra=[android.telephony.TelephonyManager/getDeviceId[], [6]]>"
"sendTextMessage","359874043116909","<16 INVOKE,VIRTUAL,extra=[android.telephony.TelephonyManager/getDeviceId[], [6]]>"
"i","359874043116909","<16 INVOKE,VIRTUAL,extra=[android.telephony.TelephonyManager/getDeviceId[], [6]]>"
"edu.mit.event_ordering.MainActivity/imei","359874043116909","<16 INVOKE,VIRTUAL,extra=[android.telephony.TelephonyManager/getDeviceId[], [6]]>"
"sendTextMessage","359874043116909","<16 INVOKE,VIRTUAL,extra=[android.telephony.TelephonyManager/getDeviceId[], [6]]>"
"i","359874043116909","<16 INVOKE,VIRTUAL,extra=[android.telephony.TelephonyManager/getDeviceId[], [6]]>"
"edu.mit.event_ordering.MainActivity/imei","359874043116909","<16 INVOKE,VIRTUAL,extra=[android.telephony.TelephonyManager/getDeviceId[], [6]]>"
"sendTextMessage","359874043116909","<16 INVOKE,VIRTUAL,extra=[android.telephony.TelephonyManager/getDeviceId[], [6]]>"
"i","359874043116909","<16 INVOKE,VIRTUAL,extra=[android.telephony.TelephonyManager/getDeviceId[], [6]]>"
"edu.mit.event_ordering.MainActivity/imei","359874043116909","<16 INVOKE,VIRTUAL,extra=[android.telephony.TelephonyManager/getDeviceId[], [6]]>"
"sendTextMessage","359874043116909","<16 INVOKE,VIRTUAL,extra=[android.telephony.TelephonyManager/getDeviceId[], [6]]>"
"i","359874043116909","<16 INVOKE,VIRTUAL,extra=[android.telephony.TelephonyManager/getDeviceId[], [6]]>"
"edu.mit.event_ordering.MainActivity/imei","359874043116909","<16 INVOKE,VIRTUAL,extra=[android.telephony.TelephonyManager/getDeviceId[], [6]]>"
"sendTextMessage","359874043116909","<16 INVOKE,VIRTUAL,extra=[android.telephony.TelephonyManager/getDeviceId[], [6]]>"
"i","359874043116909","<16 INVOKE,VIRTUAL,extra=[android.telephony.TelephonyManager/getDeviceId[], [6]]>"
"edu.mit.event_ordering.MainActivity/imei","359874043116909","<16 INVOKE,VIRTUAL,extra=[android.telephony.TelephonyManager/getDeviceId[], [6]]>"
"sendTextMessage","359874043116909","<16 INVOKE,VIRTUAL,extra=[android.telephony.TelephonyManager/getDeviceId[], [6]]>"
"i","359874043116909","<16 INVOKE,VIRTUAL,extra=[android.telephony.TelephonyManager/getDeviceId[], [6]]>"
"edu.mit.event_ordering.MainActivity/imei","359874043116909","<16 INVOKE,VIRTUAL,extra=[android.telephony.TelephonyManager/getDeviceId[], [6]]>"
"sendTextMessage","359874043116909","<16 INVOKE,VIRTUAL,extra=[android.telephony.TelephonyManager/getDeviceId[], [6]]>"
"i","359874043116909","<16 INVOKE,VIRTUAL,extra=[android.telephony.TelephonyManager/getDeviceId[], [6]]>"
"edu.mit.event_ordering.MainActivity/imei","359874043116909","<16 INVOKE,VIRTUAL,extra=[android.telephony.TelephonyManager/getDeviceId[], [6]]>"
"sendTextMessage","359874043116909","<16 INVOKE,VIRTUAL,extra=[android.telephony.TelephonyManager/getDeviceId[], [6]]>"
"i","359874043116909","<16 INVOKE,VIRTUAL,extra=[android.telephony.TelephonyManager/getDeviceId[], [6]]>"
"edu.mit.event_ordering.MainActivity/imei","359874043116909","<16 INVOKE,VIRTUAL,extra=[android.telephony.TelephonyManager/getDeviceId[], [6]]>"
"sendTextMessage","359874043116909","<16 INVOKE,VIRTUAL,extra=[android.telephony.TelephonyManager/getDeviceId[], [6]]>"
"i","359874043116909","<16 INVOKE,VIRTUAL,extra=[android.telephony.TelephonyManager/getDeviceId[], [6]]>"
"edu.mit.event_ordering.MainActivity/imei","359874043116909","<16 INVOKE,VIRTUAL,extra=[android.telephony.TelephonyManager/getDeviceId[], [6]]>"
"sendTextMessage","359874043116909","<16 INVOKE,VIRTUAL,extra=[android.telephony.TelephonyManager/getDeviceId[], [6]]>"
"i","359874043116909","<16 INVOKE,VIRTUAL,extra=[android.telephony.TelephonyManager/getDeviceId[], [6]]>"
"edu.mit.event_ordering.MainActivity/imei","359874043116909","<16 INVOKE,VIRTUAL,extra=[android.telephony.TelephonyManager/getDeviceId[], [6]]>"
"sendTextMessage","359874043116909","<16 INVOKE,VIRTUAL,extra=[android.telephony.TelephonyManager/getDeviceId[], [6]]>"
"i","359874043116909","<16 INVOKE,VIRTUAL,extra=[android.telephony.TelephonyManager/getDeviceId[], [6]]>"
"edu.mit.event_ordering.MainActivity/imei","359874043116909","<16 INVOKE,VIRTUAL,extra=[android.telephony.TelephonyManager/getDeviceId[], [6]]>"
"sendTextMessage","359874043116909","<16 INVOKE,VIRTUAL,extra=[android.telephony.TelephonyManager/getDeviceId[], [6]]>"
"i","359874043116909","<16 INVOKE,VIRTUAL,extra=[android.telephony.TelephonyManager/getDeviceId[], [6]]>"
"edu.mit.event_ordering.MainActivity/imei","359874043116909","<16 INVOKE,VIRTUAL,extra=[android.telephony.TelephonyManager/getDeviceId[], [6]]>"
"sendTextMessage","359874043116909","<16 INVOKE,VIRTUAL,extra=[android.telephony.TelephonyManager/getDeviceId[], [6]]>"
"i","359874043116909","<16 INVOKE,VIRTUAL,extra=[android.telephony.TelephonyManager/getDeviceId[], [6]]>"
"edu.mit.event_ordering.MainActivity/imei","359874043116909","<16 INVOKE,VIRTUAL,extra=[android.telephony.TelephonyManager/getDeviceId[], [6]]>"
"sendTextMessage","359874043116909","<16 INVOKE,VIRTUAL,extra=[android.telephony.TelephonyManager/getDeviceId[], [6]]>"
"i","359874043116909","<16 INVOKE,VIRTUAL,extra=[android.telephony.TelephonyManager/getDeviceId[], [6]]>"
"edu.mit.event_ordering.MainActivity/imei","359874043116909","<16 INVOKE,VIRTUAL,extra=[android.telephony.TelephonyManager/getDeviceId[], [6]]>"
"sendTextMessage","359874043116909","<16 INVOKE,VIRTUAL,extra=[android.telephony.TelephonyManager/getDeviceId[], [6]]>"
"i","359874043116909","<16 INVOKE,VIRTUAL,extra=[android.telephony.TelephonyManager/getDeviceId[], [6]]>"
"edu.mit.event_ordering.MainActivity/imei","359874043116909","<16 INVOKE,VIRTUAL,extra=[android.telephony.TelephonyManager/getDeviceId[], [6]]>"
"sendTextMessage","359874043116909","<16 INVOKE,VIRTUAL,extra=[android.telephony.TelephonyManager/getDeviceId[], [6]]>"
"i","359874043116909","<16 INVOKE,VIRTUAL,extra=[android.telephony.TelephonyManager/getDeviceId[], [6]]>"
"edu.mit.event_ordering.MainActivity/imei","359874043116909","<16 INVOKE,VIRTUAL,extra=[android.telephony.TelephonyManager/getDeviceId[], [6]]>"
"sendTextMessage","359874043116909","<16 INVOKE,VIRTUAL,extra=[android.telephony.TelephonyManager/getDeviceId[], [6]]>"
"i","359874043116909","<16 INVOKE,VIRTUAL,extra=[android.telephony.TelephonyManager/getDeviceId[], [6]]>"
"edu.mit.event_ordering.MainActivity/imei","359874043116909","<16 INVOKE,VIRTUAL,extra=[android.telephony.TelephonyManager/getDeviceId[], [6]]>"
"sendTextMessage","359874043116909","<16 INVOKE,VIRTUAL,extra=[android.telephony.TelephonyManager/getDeviceId[], [6]]>"
"i","359874043116909","<16 INVOKE,VIRTUAL,extra=[android.telephony.TelephonyManager/getDeviceId[], [6]]>"
"edu.mit.event_ordering.MainActivity/imei","359874043116909","<16 INVOKE,VIRTUAL,extra=[android.telephony.TelephonyManager/getDeviceId[], [6]]>"
"sendTextMessage","359874043116909","<16 INVOKE,VIRTUAL,extra=[android.telephony.TelephonyManager/getDeviceId[], [6]]>"
"i","359874043116909","<16 INVOKE,VIRTUAL,extra=[android.telephony.TelephonyManager/getDeviceId[], [6]]>"
"edu.mit.event_ordering.MainActivity/imei","359874043116909","<16 INVOKE,VIRTUAL,extra=[android.telephony.TelephonyManager/getDeviceId[], [6]]>"
"sendTextMessage","359874043116909","<16 INVOKE,VIRTUAL,extra=[android.telephony.TelephonyManager/getDeviceId[], [6]]>"
"i","359874043116909","<16 INVOKE,VIRTUAL,extra=[android.telephony.TelephonyManager/getDeviceId[], [6]]>"
"edu.mit.event_ordering.MainActivity/imei","359874043116909","<16 INVOKE,VIRTUAL,extra=[android.telephony.TelephonyManager/getDeviceId[], [6]]>"
"sendTextMessage","359874043116909","<16 INVOKE,VIRTUAL,extra=[android.telephony.TelephonyManager/getDeviceId[], [6]]>"
"i","359874043116909","<16 INVOKE,VIRTUAL,extra=[android.telephony.TelephonyManager/getDeviceId[], [6]]>"
"edu.mit.event_ordering.MainActivity/imei","359874043116909","<16 INVOKE,VIRTUAL,extra=[android.telephony.TelephonyManager/getDeviceId[], [6]]>"
"sendTextMessage","359874043116909","<16 INVOKE,VIRTUAL,extra=[android.telephony.TelephonyManager/getDeviceId[], [6]]>"
"i","359874043116909","<16 INVOKE,VIRTUAL,extra=[android.telephony.TelephonyManager/getDeviceId[], [6]]>"
"edu.mit.event_ordering.MainActivity/imei","359874043116909","<16 INVOKE,VIRTUAL,extra=[android.telephony.TelephonyManager/getDeviceId[], [6]]>"
"sendTextMessage","359874043116909","<16 INVOKE,VIRTUAL,extra=[android.telephony.TelephonyManager/getDeviceId[], [6]]>"
"i","359874043116909","<16 INVOKE,VIRTUAL,extra=[android.telephony.TelephonyManager/getDeviceId[], [6]]>"
"edu.mit.event_ordering.MainActivity/imei","359874043116909","<16 INVOKE,VIRTUAL,extra=[android.telephony.TelephonyManager/getDeviceId[], [6]]>"
"sendTextMessage","359874043116909","<16 INVOKE,VIRTUAL,extra=[android.telephony.TelephonyManager/getDeviceId[], [6]]>"
"i","359874043116909","<16 INVOKE,VIRTUAL,extra=[android.telephony.TelephonyManager/getDeviceId[], [6]]>"
"edu.mit.event_ordering.MainActivity/imei","359874043116909","<16 INVOKE,VIRTUAL,extra=[android.telephony.TelephonyManager/getDeviceId[], [6]]>"
"sendTextMessage","359874043116909","<16 INVOKE,VIRTUAL,extra=[android.telephony.TelephonyManager/getDeviceId[], [6]]>"
"i","359874043116909","<16 INVOKE,VIRTUAL,extra=[android.telephony.TelephonyManager/getDeviceId[], [6]]>"
"edu.mit.event_ordering.MainActivity/imei","359874043116909","<16 INVOKE,VIRTUAL,extra=[android.telephony.TelephonyManager/getDeviceId[], [6]]>"
"sendTextMessage","359874043116909","<16 INVOKE,VIRTUAL,extra=[android.telephony.TelephonyManager/getDeviceId[], [6]]>"
"i","359874043116909","<16 INVOKE,VIRTUAL,extra=[android.telephony.TelephonyManager/getDeviceId[], [6]]>"
"edu.mit.event_ordering.MainActivity/imei","359874043116909","<16 INVOKE,VIRTUAL,extra=[android.telephony.TelephonyManager/getDeviceId[], [6]]>"
"sendTextMessage","359874043116909","<16 INVOKE,VIRTUAL,extra=[android.telephony.TelephonyManager/getDeviceId[], [6]]>"
"i","359874043116909","<16 INVOKE,VIRTUAL,extra=[android.telephony.TelephonyManager/getDeviceId[], [6]]>"
"edu.mit.event_ordering.MainActivity/imei","359874043116909","<16 INVOKE,VIRTUAL,extra=[android.telephony.TelephonyManager/getDeviceId[], [6]]>"
"sendTextMessage","359874043116909","<16 INVOKE,VIRTUAL,extra=[android.telephony.TelephonyManager/getDeviceId[], [6]]>"
"i","359874043116909","<16 INVOKE,VIRTUAL,extra=[android.telephony.TelephonyManager/getDeviceId[], [6]]>"
"edu.mit.event_ordering.MainActivity/imei","359874043116909","<16 INVOKE,VIRTUAL,extra=[android.telephony.TelephonyManager/getDeviceId[], [6]]>"
"sendTextMessage","359874043116909","<16 INVOKE,VIRTUAL,extra=[android.telephony.TelephonyManager/getDeviceId[], [6]]>"
"i","359874043116909","<16 INVOKE,VIRTUAL,extra=[android.telephony.TelephonyManager/getDeviceId[], [6]]>"
"edu.mit.event_ordering.MainActivity/imei","359874043116909","<16 INVOKE,VIRTUAL,extra=[android.telephony.TelephonyManager/getDeviceId[], [6]]>"
"sendTextMessage","359874043116909","<16 INVOKE,VIRTUAL,extra=[android.telephony.TelephonyManager/getDeviceId[], [6]]>"
"i","359874043116909","<16 INVOKE,VIRTUAL,extra=[android.telephony.TelephonyManager/getDeviceId[], [6]]>"
"edu.mit.event_ordering.MainActivity/imei","359874043116909","<16 INVOKE,VIRTUAL,extra=[android.telephony.TelephonyManager/getDeviceId[], [6]]>"
"sendTextMessage","359874043116909","<16 INVOKE,VIRTUAL,extra=[android.telephony.TelephonyManager/getDeviceId[], [6]]>"
"i","359874043116909","<16 INVOKE,VIRTUAL,extra=[android.telephony.TelephonyManager/getDeviceId[], [6]]>"
"edu.mit.event_ordering.MainActivity/imei","359874043116909","<16 INVOKE,VIRTUAL,extra=[android.telephony.TelephonyManager/getDeviceId[], [6]]>"
"sendTextMessage","359874043116909","<16 INVOKE,VIRTUAL,extra=[android.telephony.TelephonyManager/getDeviceId[], [6]]>"
"i","359874043116909","<16 INVOKE,VIRTUAL,extra=[android.telephony.TelephonyManager/getDeviceId[], [6]]>"
"edu.mit.event_ordering.MainActivity/imei","359874043116909","<16 INVOKE,VIRTUAL,extra=[android.telephony.TelephonyManager/getDeviceId[], [6]]>"
"sendTextMessage","359874043116909","<16 INVOKE,VIRTUAL,extra=[android.telephony.TelephonyManager/getDeviceId[], [6]]>"
"i","359874043116909","<16 INVOKE,VIRTUAL,extra=[android.telephony.TelephonyManager/getDeviceId[], [6]]>"
"edu.mit.event_ordering.MainActivity/imei","359874043116909","<16 INVOKE,VIRTUAL,extra=[android.telephony.TelephonyManager/getDeviceId[], [6]]>"
"sendTextMessage","359874043116909","<16 INVOKE,VIRTUAL,extra=[android.telephony.TelephonyManager/getDeviceId[], [6]]>"
"i","359874043116909","<16 INVOKE,VIRTUAL,extra=[android.telephony.TelephonyManager/getDeviceId[], [6]]>"
"edu.mit.event_ordering.MainActivity/imei","359874043116909","<16 INVOKE,VIRTUAL,extra=[android.telephony.TelephonyManager/getDeviceId[], [6]]>"
"sendTextMessage","359874043116909","<16 INVOKE,VIRTUAL,extra=[android.telephony.TelephonyManager/getDeviceId[], [6]]>"
"i","359874043116909","<16 INVOKE,VIRTUAL,extra=[android.telephony.TelephonyManager/getDeviceId[], [6]]>"
"edu.mit.event_ordering.MainActivity/imei","359874043116909","<16 INVOKE,VIRTUAL,extra=[android.telephony.TelephonyManager/getDeviceId[], [6]]>"
"sendTextMessage","359874043116909","<16 INVOKE,VIRTUAL,extra=[android.telephony.TelephonyManager/getDeviceId[], [6]]>"
"i","359874043116909","<16 INVOKE,VIRTUAL,extra=[android.telephony.TelephonyManager/getDeviceId[], [6]]>"
"edu.mit.event_ordering.MainActivity/imei","359874043116909","<16 INVOKE,VIRTUAL,extra=[android.telephony.TelephonyManager/getDeviceId[], [6]]>"
"sendTextMessage","359874043116909","<16 INVOKE,VIRTUAL,extra=[android.telephony.TelephonyManager/getDeviceId[], [6]]>"
"i","359874043116909","<16 INVOKE,VIRTUAL,extra=[android.telephony.TelephonyManager/getDeviceId[], [6]]>"
"edu.mit.event_ordering.MainActivity/imei","359874043116909","<16 INVOKE,VIRTUAL,extra=[android.telephony.TelephonyManager/getDeviceId[], [6]]>"
"sendTextMessage","359874043116909","<16 INVOKE,VIRTUAL,extra=[android.telephony.TelephonyManager/getDeviceId[], [6]]>"
"i","359874043116909","<16 INVOKE,VIRTUAL,extra=[android.telephony.TelephonyManager/getDeviceId[], [6]]>"
"edu.mit.event_ordering.MainActivity/imei","359874043116909","<16 INVOKE,VIRTUAL,extra=[android.telephony.TelephonyManager/getDeviceId[], [6]]>"
"sendTextMessage","359874043116909","<16 INVOKE,VIRTUAL,extra=[android.telephony.TelephonyManager/getDeviceId[], [6]]>"
"i","359874043116909","<16 INVOKE,VIRTUAL,extra=[android.telephony.TelephonyManager/getDeviceId[], [6]]>"
"edu.mit.event_ordering.MainActivity/imei","359874043116909","<16 INVOKE,VIRTUAL,extra=[android.telephony.TelephonyManager/getDeviceId[], [6]]>"
"sendTextMessage","359874043116909","<16 INVOKE,VIRTUAL,extra=[android.telephony.TelephonyManager/getDeviceId[], [6]]>"
"i","359874043116909","<16 INVOKE,VIRTUAL,extra=[android.telephony.TelephonyManager/getDeviceId[], [6]]>"
"edu.mit.event_ordering.MainActivity/imei","359874043116909","<16 INVOKE,VIRTUAL,extra=[android.telephony.TelephonyManager/getDeviceId[], [6]]>"
"sendTextMessage","359874043116909","<16 INVOKE,VIRTUAL,extra=[android.telephony.TelephonyManager/getDeviceId[], [6]]>"
"i","359874043116909","<16 INVOKE,VIRTUAL,extra=[android.telephony.TelephonyManager/getDeviceId[], [6]]>"
"edu.mit.event_ordering.MainActivity/imei","359874043116909","<16 INVOKE,VIRTUAL,extra=[android.telephony.TelephonyManager/getDeviceId[], [6]]>"
"sendTextMessage","359874043116909","<16 INVOKE,VIRTUAL,extra=[android.telephony.TelephonyManager/getDeviceId[], [6]]>"
"i","359874043116909","<16 INVOKE,VIRTUAL,extra=[android.telephony.TelephonyManager/getDeviceId[], [6]]>"
"edu.mit.event_ordering.MainActivity/imei","359874043116909","<16 INVOKE,VIRTUAL,extra=[android.telephony.TelephonyManager/getDeviceId[], [6]]>"
"sendTextMessage","359874043116909","<16 INVOKE,VIRTUAL,extra=[android.telephony.TelephonyManager/getDeviceId[], [6]]>"
"i","359874043116909","<16 INVOKE,VIRTUAL,extra=[android.telephony.TelephonyManager/getDeviceId[], [6]]>"
"edu.mit.event_ordering.MainActivity/imei","359874043116909","<16 INVOKE,VIRTUAL,extra=[android.telephony.TelephonyManager/getDeviceId[], [6]]>"
"sendTextMessage","359874043116909","<16 INVOKE,VIRTUAL,extra=[android.telephony.TelephonyManager/getDeviceId[], [6]]>"
"i","359874043116909","<16 INVOKE,VIRTUAL,extra=[android.telephony.TelephonyManager/getDeviceId[], [6]]>"
"edu.mit.event_ordering.MainActivity/imei","359874043116909","<16 INVOKE,VIRTUAL,extra=[android.telephony.TelephonyManager/getDeviceId[], [6]]>"
"sendTextMessage","359874043116909","<16 INVOKE,VIRTUAL,extra=[android.telephony.TelephonyManager/getDeviceId[], [6]]>"
"i","359874043116909","<16 INVOKE,VIRTUAL,extra=[android.telephony.TelephonyManager/getDeviceId[], [6]]>"
"edu.mit.event_ordering.MainActivity/imei","359874043116909","<16 INVOKE,VIRTUAL,extra=[android.telephony.TelephonyManager/getDeviceId[], [6]]>"
"sendTextMessage","359874043116909","<16 INVOKE,VIRTUAL,extra=[android.telephony.TelephonyManager/getDeviceId[], [6]]>"
"i","359874043116909","<16 INVOKE,VIRTUAL,extra=[android.telephony.TelephonyManager/getDeviceId[], [6]]>"
"edu.mit.event_ordering.MainActivity/imei","359874043116909","<16 INVOKE,VIRTUAL,extra=[android.telephony.TelephonyManager/getDeviceId[], [6]]>"
"sendTextMessage","359874043116909","<16 INVOKE,VIRTUAL,extra=[android.telephony.TelephonyManager/getDeviceId[], [6]]>"
"i","359874043116909","<16 INVOKE,VIRTUAL,extra=[android.telephony.TelephonyManager/getDeviceId[], [6]]>"
"edu.mit.event_ordering.MainActivity/imei","359874043116909","<16 INVOKE,VIRTUAL,extra=[android.telephony.TelephonyManager/getDeviceId[], [6]]>"
"sendTextMessage","359874043116909","<16 INVOKE,VIRTUAL,extra=[android.telephony.TelephonyManager/getDeviceId[], [6]]>"
"i","359874043116909","<16 INVOKE,VIRTUAL,extra=[android.telephony.TelephonyManager/getDeviceId[], [6]]>"
"edu.mit.event_ordering.MainActivity/imei","359874043116909","<16 INVOKE,VIRTUAL,extra=[android.telephony.TelephonyManager/getDeviceId[], [6]]>"
"sendTextMessage","359874043116909","<16 INVOKE,VIRTUAL,extra=[android.telephony.TelephonyManager/getDeviceId[], [6]]>"
"i","359874043116909","<16 INVOKE,VIRTUAL,extra=[android.telephony.TelephonyManager/getDeviceId[], [6]]>"
"edu.mit.event_ordering.MainActivity/imei","359874043116909","<16 INVOKE,VIRTUAL,extra=[android.telephony.TelephonyManager/getDeviceId[], [6]]>"
"sendTextMessage","359874043116909","<16 INVOKE,VIRTUAL,extra=[android.telephony.TelephonyManager/getDeviceId[], [6]]>"
"i","359874043116909","<16 INVOKE,VIRTUAL,extra=[android.telephony.TelephonyManager/getDeviceId[], [6]]>"
"edu.mit.event_ordering.MainActivity/imei","359874043116909","<16 INVOKE,VIRTUAL,extra=[android.telephony.TelephonyManager/getDeviceId[], [6]]>"
"sendTextMessage","359874043116909","<16 INVOKE,VIRTUAL,extra=[android.telephony.TelephonyManager/getDeviceId[], [6]]>"
"i","359874043116909","<16 INVOKE,VIRTUAL,extra=[android.telephony.TelephonyManager/getDeviceId[], [6]]>"
"edu.mit.event_ordering.MainActivity/imei","359874043116909","<16 INVOKE,VIRTUAL,extra=[android.telephony.TelephonyManager/getDeviceId[], [6]]>"
"sendTextMessage","359874043116909","<16 INVOKE,VIRTUAL,extra=[android.telephony.TelephonyManager/getDeviceId[], [6]]>"
"i","359874043116909","<16 INVOKE,VIRTUAL,extra=[android.telephony.TelephonyManager/getDeviceId[], [6]]>"
"edu.mit.event_ordering.MainActivity/imei","359874043116909","<16 INVOKE,VIRTUAL,extra=[android.telephony.TelephonyManager/getDeviceId[], [6]]>"
"sendTextMessage","359874043116909","<16 INVOKE,VIRTUAL,extra=[android.telephony.TelephonyManager/getDeviceId[], [6]]>"
"i","359874043116909","<16 INVOKE,VIRTUAL,extra=[android.telephony.TelephonyManager/getDeviceId[], [6]]>"
"edu.mit.event_ordering.MainActivity/imei","359874043116909","<16 INVOKE,VIRTUAL,extra=[android.telephony.TelephonyManager/getDeviceId[], [6]]>"
"sendTextMessage","359874043116909","<16 INVOKE,VIRTUAL,extra=[android.telephony.TelephonyManager/getDeviceId[], [6]]>"
"i","359874043116909","<16 INVOKE,VIRTUAL,extra=[android.telephony.TelephonyManager/getDeviceId[], [6]]>"
"edu.mit.event_ordering.MainActivity/imei","359874043116909","<16 INVOKE,VIRTUAL,extra=[android.telephony.TelephonyManager/getDeviceId[], [6]]>"
"sendTextMessage","359874043116909","<16 INVOKE,VIRTUAL,extra=[android.telephony.TelephonyManager/getDeviceId[], [6]]>"
"i","359874043116909","<16 INVOKE,VIRTUAL,extra=[android.telephony.TelephonyManager/getDeviceId[], [6]]>"
"edu.mit.event_ordering.MainActivity/imei","359874043116909","<16 INVOKE,VIRTUAL,extra=[android.telephony.TelephonyManager/getDeviceId[], [6]]>"
"sendTextMessage","359874043116909","<16 INVOKE,VIRTUAL,extra=[android.telephony.TelephonyManager/getDeviceId[], [6]]>"
"i","359874043116909","<16 INVOKE,VIRTUAL,extra=[android.telephony.TelephonyManager/getDeviceId[], [6]]>"
"edu.mit.event_ordering.MainActivity/imei","359874043116909","<16 INVOKE,VIRTUAL,extra=[android.telephony.TelephonyManager/getDeviceId[], [6]]>"
"sendTextMessage","359874043116909","<16 INVOKE,VIRTUAL,extra=[android.telephony.TelephonyManager/getDeviceId[], [6]]>"
"i","359874043116909","<16 INVOKE,VIRTUAL,extra=[android.telephony.TelephonyManager/getDeviceId[], [6]]>"
"edu.mit.event_ordering.MainActivity/imei","359874043116909","<16 INVOKE,VIRTUAL,extra=[android.telephony.TelephonyManager/getDeviceId[], [6]]>"
"sendTextMessage","359874043116909","<16 INVOKE,VIRTUAL,extra=[android.telephony.TelephonyManager/getDeviceId[], [6]]>"
"i","359874043116909","<16 INVOKE,VIRTUAL,extra=[android.telephony.TelephonyManager/getDeviceId[], [6]]>"
"edu.mit.event_ordering.MainActivity/imei","359874043116909","<16 INVOKE,VIRTUAL,extra=[android.telephony.TelephonyManager/getDeviceId[], [6]]>"
"sendTextMessage","359874043116909","<16 INVOKE,VIRTUAL,extra=[android.telephony.TelephonyManager/getDeviceId[], [6]]>"
"i","359874043116909","<16 INVOKE,VIRTUAL,extra=[android.telephony.TelephonyManager/getDeviceId[], [6]]>"
"edu.mit.event_ordering.MainActivity/imei","359874043116909","<16 INVOKE,VIRTUAL,extra=[android.telephony.TelephonyManager/getDeviceId[], [6]]>"
"sendTextMessage","359874043116909","<16 INVOKE,VIRTUAL,extra=[android.telephony.TelephonyManager/getDeviceId[], [6]]>"
"i","359874043116909","<16 INVOKE,VIRTUAL,extra=[android.telephony.TelephonyManager/getDeviceId[], [6]]>"
