"/de.ecspride.ApplicationLifecyle3/imei","359874043116909","<7 INVOKE,VIRTUAL,extra=[android.telephony.TelephonyManager/getDeviceId[], [0]]>"
"/de.ecspride.ApplicationLifecyle3/imei","359874043116909","<7 INVOKE,VIRTUAL,extra=[android.telephony.TelephonyManager/getDeviceId[], [0]]>"
"sendTextMessage","359874043116909","<7 INVOKE,VIRTUAL,extra=[android.telephony.TelephonyManager/getDeviceId[], [0]]>"
"/de.ecspride.ApplicationLifecyle3/imei","359874043116909","<7 INVOKE,VIRTUAL,extra=[android.telephony.TelephonyManager/getDeviceId[], [0]]>"
"sendTextMessage","359874043116909","<7 INVOKE,VIRTUAL,extra=[android.telephony.TelephonyManager/getDeviceId[], [0]]>"
"/de.ecspride.ApplicationLifecyle3/imei","359874043116909","<7 INVOKE,VIRTUAL,extra=[android.telephony.TelephonyManager/getDeviceId[], [0]]>"
"sendTextMessage","359874043116909","<7 INVOKE,VIRTUAL,extra=[android.telephony.TelephonyManager/getDeviceId[], [0]]>"
"/de.ecspride.ApplicationLifecyle3/imei","359874043116909","<7 INVOKE,VIRTUAL,extra=[android.telephony.TelephonyManager/getDeviceId[], [0]]>"
"sendTextMessage","359874043116909","<7 INVOKE,VIRTUAL,extra=[android.telephony.TelephonyManager/getDeviceId[], [0]]>"
"/de.ecspride.ApplicationLifecyle3/imei","359874043116909","<7 INVOKE,VIRTUAL,extra=[android.telephony.TelephonyManager/getDeviceId[], [0]]>"
"sendTextMessage","359874043116909","<7 INVOKE,VIRTUAL,extra=[android.telephony.TelephonyManager/getDeviceId[], [0]]>"
"/de.ecspride.ApplicationLifecyle3/imei","359874043116909","<7 INVOKE,VIRTUAL,extra=[android.telephony.TelephonyManager/getDeviceId[], [0]]>"
"sendTextMessage","359874043116909","<7 INVOKE,VIRTUAL,extra=[android.telephony.TelephonyManager/getDeviceId[], [0]]>"
"/de.ecspride.ApplicationLifecyle3/imei","359874043116909","<7 INVOKE,VIRTUAL,extra=[android.telephony.TelephonyManager/getDeviceId[], [0]]>"
"sendTextMessage","359874043116909","<7 INVOKE,VIRTUAL,extra=[android.telephony.TelephonyManager/getDeviceId[], [0]]>"
"/de.ecspride.ApplicationLifecyle3/imei","359874043116909","<7 INVOKE,VIRTUAL,extra=[android.telephony.TelephonyManager/getDeviceId[], [0]]>"
"sendTextMessage","359874043116909","<7 INVOKE,VIRTUAL,extra=[android.telephony.TelephonyManager/getDeviceId[], [0]]>"
"/de.ecspride.ApplicationLifecyle3/imei","359874043116909","<7 INVOKE,VIRTUAL,extra=[android.telephony.TelephonyManager/getDeviceId[], [0]]>"
"sendTextMessage","359874043116909","<7 INVOKE,VIRTUAL,extra=[android.telephony.TelephonyManager/getDeviceId[], [0]]>"
"/de.ecspride.ApplicationLifecyle3/imei","359874043116909","<7 INVOKE,VIRTUAL,extra=[android.telephony.TelephonyManager/getDeviceId[], [0]]>"
"sendTextMessage","359874043116909","<7 INVOKE,VIRTUAL,extra=[android.telephony.TelephonyManager/getDeviceId[], [0]]>"
"/de.ecspride.ApplicationLifecyle3/imei","359874043116909","<7 INVOKE,VIRTUAL,extra=[android.telephony.TelephonyManager/getDeviceId[], [0]]>"
"sendTextMessage","359874043116909","<7 INVOKE,VIRTUAL,extra=[android.telephony.TelephonyManager/getDeviceId[], [0]]>"
"/de.ecspride.ApplicationLifecyle3/imei","359874043116909","<7 INVOKE,VIRTUAL,extra=[android.telephony.TelephonyManager/getDeviceId[], [0]]>"
"sendTextMessage","359874043116909","<7 INVOKE,VIRTUAL,extra=[android.telephony.TelephonyManager/getDeviceId[], [0]]>"
"/de.ecspride.ApplicationLifecyle3/imei","359874043116909","<7 INVOKE,VIRTUAL,extra=[android.telephony.TelephonyManager/getDeviceId[], [0]]>"
"sendTextMessage","359874043116909","<7 INVOKE,VIRTUAL,extra=[android.telephony.TelephonyManager/getDeviceId[], [0]]>"
"/de.ecspride.ApplicationLifecyle3/imei","359874043116909","<7 INVOKE,VIRTUAL,extra=[android.telephony.TelephonyManager/getDeviceId[], [0]]>"
"sendTextMessage","359874043116909","<7 INVOKE,VIRTUAL,extra=[android.telephony.TelephonyManager/getDeviceId[], [0]]>"
"/de.ecspride.ApplicationLifecyle3/imei","359874043116909","<7 INVOKE,VIRTUAL,extra=[android.telephony.TelephonyManager/getDeviceId[], [0]]>"
"sendTextMessage","359874043116909","<7 INVOKE,VIRTUAL,extra=[android.telephony.TelephonyManager/getDeviceId[], [0]]>"
"/de.ecspride.ApplicationLifecyle3/imei","359874043116909","<7 INVOKE,VIRTUAL,extra=[android.telephony.TelephonyManager/getDeviceId[], [0]]>"
"sendTextMessage","359874043116909","<7 INVOKE,VIRTUAL,extra=[android.telephony.TelephonyManager/getDeviceId[], [0]]>"
"/de.ecspride.ApplicationLifecyle3/imei","359874043116909","<7 INVOKE,VIRTUAL,extra=[android.telephony.TelephonyManager/getDeviceId[], [0]]>"
"sendTextMessage","359874043116909","<7 INVOKE,VIRTUAL,extra=[android.telephony.TelephonyManager/getDeviceId[], [0]]>"
"/de.ecspride.ApplicationLifecyle3/imei","359874043116909","<7 INVOKE,VIRTUAL,extra=[android.telephony.TelephonyManager/getDeviceId[], [0]]>"
"sendTextMessage","359874043116909","<7 INVOKE,VIRTUAL,extra=[android.telephony.TelephonyManager/getDeviceId[], [0]]>"
"/de.ecspride.ApplicationLifecyle3/imei","359874043116909","<7 INVOKE,VIRTUAL,extra=[android.telephony.TelephonyManager/getDeviceId[], [0]]>"
"sendTextMessage","359874043116909","<7 INVOKE,VIRTUAL,extra=[android.telephony.TelephonyManager/getDeviceId[], [0]]>"
"/de.ecspride.ApplicationLifecyle3/imei","359874043116909","<7 INVOKE,VIRTUAL,extra=[android.telephony.TelephonyManager/getDeviceId[], [0]]>"
"sendTextMessage","359874043116909","<7 INVOKE,VIRTUAL,extra=[android.telephony.TelephonyManager/getDeviceId[], [0]]>"
"/de.ecspride.ApplicationLifecyle3/imei","359874043116909","<7 INVOKE,VIRTUAL,extra=[android.telephony.TelephonyManager/getDeviceId[], [0]]>"
"sendTextMessage","359874043116909","<7 INVOKE,VIRTUAL,extra=[android.telephony.TelephonyManager/getDeviceId[], [0]]>"
"/de.ecspride.ApplicationLifecyle3/imei","359874043116909","<7 INVOKE,VIRTUAL,extra=[android.telephony.TelephonyManager/getDeviceId[], [0]]>"
"sendTextMessage","359874043116909","<7 INVOKE,VIRTUAL,extra=[android.telephony.TelephonyManager/getDeviceId[], [0]]>"
"/de.ecspride.ApplicationLifecyle3/imei","359874043116909","<7 INVOKE,VIRTUAL,extra=[android.telephony.TelephonyManager/getDeviceId[], [0]]>"
"sendTextMessage","359874043116909","<7 INVOKE,VIRTUAL,extra=[android.telephony.TelephonyManager/getDeviceId[], [0]]>"
"/de.ecspride.ApplicationLifecyle3/imei","359874043116909","<7 INVOKE,VIRTUAL,extra=[android.telephony.TelephonyManager/getDeviceId[], [0]]>"
"sendTextMessage","359874043116909","<7 INVOKE,VIRTUAL,extra=[android.telephony.TelephonyManager/getDeviceId[], [0]]>"
"/de.ecspride.ApplicationLifecyle3/imei","359874043116909","<7 INVOKE,VIRTUAL,extra=[android.telephony.TelephonyManager/getDeviceId[], [0]]>"
"sendTextMessage","359874043116909","<7 INVOKE,VIRTUAL,extra=[android.telephony.TelephonyManager/getDeviceId[], [0]]>"
"/de.ecspride.ApplicationLifecyle3/imei","359874043116909","<7 INVOKE,VIRTUAL,extra=[android.telephony.TelephonyManager/getDeviceId[], [0]]>"
"sendTextMessage","359874043116909","<7 INVOKE,VIRTUAL,extra=[android.telephony.TelephonyManager/getDeviceId[], [0]]>"
"/de.ecspride.ApplicationLifecyle3/imei","359874043116909","<7 INVOKE,VIRTUAL,extra=[android.telephony.TelephonyManager/getDeviceId[], [0]]>"
"sendTextMessage","359874043116909","<7 INVOKE,VIRTUAL,extra=[android.telephony.TelephonyManager/getDeviceId[], [0]]>"
"/de.ecspride.ApplicationLifecyle3/imei","359874043116909","<7 INVOKE,VIRTUAL,extra=[android.telephony.TelephonyManager/getDeviceId[], [0]]>"
"sendTextMessage","359874043116909","<7 INVOKE,VIRTUAL,extra=[android.telephony.TelephonyManager/getDeviceId[], [0]]>"
"/de.ecspride.ApplicationLifecyle3/imei","359874043116909","<7 INVOKE,VIRTUAL,extra=[android.telephony.TelephonyManager/getDeviceId[], [0]]>"
"sendTextMessage","359874043116909","<7 INVOKE,VIRTUAL,extra=[android.telephony.TelephonyManager/getDeviceId[], [0]]>"
"/de.ecspride.ApplicationLifecyle3/imei","359874043116909","<7 INVOKE,VIRTUAL,extra=[android.telephony.TelephonyManager/getDeviceId[], [0]]>"
"sendTextMessage","359874043116909","<7 INVOKE,VIRTUAL,extra=[android.telephony.TelephonyManager/getDeviceId[], [0]]>"
"/de.ecspride.ApplicationLifecyle3/imei","359874043116909","<7 INVOKE,VIRTUAL,extra=[android.telephony.TelephonyManager/getDeviceId[], [0]]>"
"sendTextMessage","359874043116909","<7 INVOKE,VIRTUAL,extra=[android.telephony.TelephonyManager/getDeviceId[], [0]]>"
"/de.ecspride.ApplicationLifecyle3/imei","359874043116909","<7 INVOKE,VIRTUAL,extra=[android.telephony.TelephonyManager/getDeviceId[], [0]]>"
"sendTextMessage","359874043116909","<7 INVOKE,VIRTUAL,extra=[android.telephony.TelephonyManager/getDeviceId[], [0]]>"
