"edu.mit.activity_asynchronous_event_ordering.MainActivity: imei","359874043116909","<6 INVOKE,VIRTUAL,extra=[android.telephony.TelephonyManager/getDeviceId[], [0]]>"
"edu.mit.activity_asynchronous_event_ordering.MainActivity: imei","359874043116909","<6 INVOKE,VIRTUAL,extra=[android.telephony.TelephonyManager/getDeviceId[], [0]]>"
"edu.mit.activity_asynchronous_event_ordering.MainActivity: imei","359874043116909","<6 INVOKE,VIRTUAL,extra=[android.telephony.TelephonyManager/getDeviceId[], [0]]>"
"edu.mit.activity_asynchronous_event_ordering.MainActivity: imei","359874043116909","<6 INVOKE,VIRTUAL,extra=[android.telephony.TelephonyManager/getDeviceId[], [0]]>"
"edu.mit.activity_asynchronous_event_ordering.MainActivity: imei","359874043116909","<6 INVOKE,VIRTUAL,extra=[android.telephony.TelephonyManager/getDeviceId[], [0]]>"
"edu.mit.activity_asynchronous_event_ordering.MainActivity: imei","359874043116909","<6 INVOKE,VIRTUAL,extra=[android.telephony.TelephonyManager/getDeviceId[], [0]]>"
"edu.mit.activity_asynchronous_event_ordering.MainActivity/imei","359874043116909","<6 INVOKE,VIRTUAL,extra=[android.telephony.TelephonyManager/getDeviceId[], [0]]>"
"edu.mit.activity_asynchronous_event_ordering.MainActivity/imei","359874043116909","<6 INVOKE,VIRTUAL,extra=[android.telephony.TelephonyManager/getDeviceId[], [0]]>"
"edu.mit.activity_asynchronous_event_ordering.MainActivity/imei","359874043116909","<6 INVOKE,VIRTUAL,extra=[android.telephony.TelephonyManager/getDeviceId[], [0]]>"
"edu.mit.activity_asynchronous_event_ordering.MainActivity/imei","359874043116909","<6 INVOKE,VIRTUAL,extra=[android.telephony.TelephonyManager/getDeviceId[], [0]]>"
"edu.mit.activity_asynchronous_event_ordering.MainActivity/imei","359874043116909","<6 INVOKE,VIRTUAL,extra=[android.telephony.TelephonyManager/getDeviceId[], [0]]>"
"edu.mit.activity_asynchronous_event_ordering.MainActivity/imei","359874043116909","<6 INVOKE,VIRTUAL,extra=[android.telephony.TelephonyManager/getDeviceId[], [0]]>"
"edu.mit.activity_asynchronous_event_ordering.MainActivity/imei","359874043116909","<6 INVOKE,VIRTUAL,extra=[android.telephony.TelephonyManager/getDeviceId[], [0]]>"
"edu.mit.activity_asynchronous_event_ordering.MainActivity/imei","359874043116909","<6 INVOKE,VIRTUAL,extra=[android.telephony.TelephonyManager/getDeviceId[], [0]]>"
"edu.mit.activity_asynchronous_event_ordering.MainActivity/imei","359874043116909","<6 INVOKE,VIRTUAL,extra=[android.telephony.TelephonyManager/getDeviceId[], [0]]>"
"edu.mit.activity_asynchronous_event_ordering.MainActivity/imei","359874043116909","<6 INVOKE,VIRTUAL,extra=[android.telephony.TelephonyManager/getDeviceId[], [0]]>"
"edu.mit.activity_asynchronous_event_ordering.MainActivity/imei","359874043116909","<6 INVOKE,VIRTUAL,extra=[android.telephony.TelephonyManager/getDeviceId[], [0]]>"
"concat","359874043116909","<8 INVOKE,VIRTUAL,extra=[android.telephony.TelephonyManager/getDeviceId[], [1]]>"
"de.ecspride.LocationLeak2/longtitude","-121.759603","<3 INVOKE,VIRTUAL,extra=[android.location.Location/getLongitude[], [6]]>"
"de.ecspride.LocationLeak2/latitude","38.53203","<1 INVOKE,VIRTUAL,extra=[android.location.Location/getLatitude[], [6]]>"
"concat","359874043116909","<8 INVOKE,VIRTUAL,extra=[android.telephony.TelephonyManager/getDeviceId[], [1]]>"
"concat","359874043116909","<8 INVOKE,VIRTUAL,extra=[android.telephony.TelephonyManager/getDeviceId[], [1]]>"
"concat","359874043116909","<8 INVOKE,VIRTUAL,extra=[android.telephony.TelephonyManager/getDeviceId[], [1]]>"
"sendTextMessage","359874043116909","<8 INVOKE,VIRTUAL,extra=[android.telephony.TelephonyManager/getDeviceId[], [0]]>"
"putExtra","359874043116909","<8 INVOKE,VIRTUAL,extra=[android.telephony.TelephonyManager/getDeviceId[], [2]]>"
"concat","359874043116909","<8 INVOKE,VIRTUAL,extra=[android.telephony.TelephonyManager/getDeviceId[], [1]]>"
"sendTextMessage","359874043116909","<10 INVOKE,VIRTUAL,extra=[android.telephony.TelephonyManager/getDeviceId[], [7]]>"
"concat","359874043116909","<8 INVOKE,VIRTUAL,extra=[android.telephony.TelephonyManager/getDeviceId[], [1]]>"
"edu.mit.activity_asynchronous_event_ordering.MainActivity/imei","359874043116909","<6 INVOKE,VIRTUAL,extra=[android.telephony.TelephonyManager/getDeviceId[], [0]]>"
"sendTextMessage","359874043116909","<6 INVOKE,VIRTUAL,extra=[android.telephony.TelephonyManager/getDeviceId[], [0]]>"
"i","359874043116909","<6 INVOKE,VIRTUAL,extra=[android.telephony.TelephonyManager/getDeviceId[], [0]]>"
"edu.mit.activity_asynchronous_event_ordering.MainActivity/imei","359874043116909","<6 INVOKE,VIRTUAL,extra=[android.telephony.TelephonyManager/getDeviceId[], [0]]>"
"sendTextMessage","359874043116909","<6 INVOKE,VIRTUAL,extra=[android.telephony.TelephonyManager/getDeviceId[], [0]]>"
"i","359874043116909","<6 INVOKE,VIRTUAL,extra=[android.telephony.TelephonyManager/getDeviceId[], [0]]>"
"edu.mit.activity_asynchronous_event_ordering.MainActivity/imei","359874043116909","<6 INVOKE,VIRTUAL,extra=[android.telephony.TelephonyManager/getDeviceId[], [0]]>"
"sendTextMessage","359874043116909","<6 INVOKE,VIRTUAL,extra=[android.telephony.TelephonyManager/getDeviceId[], [0]]>"
"i","359874043116909","<6 INVOKE,VIRTUAL,extra=[android.telephony.TelephonyManager/getDeviceId[], [0]]>"
"edu.mit.activity_asynchronous_event_ordering.MainActivity/imei","359874043116909","<6 INVOKE,VIRTUAL,extra=[android.telephony.TelephonyManager/getDeviceId[], [0]]>"
"sendTextMessage","359874043116909","<6 INVOKE,VIRTUAL,extra=[android.telephony.TelephonyManager/getDeviceId[], [0]]>"
"i","359874043116909","<6 INVOKE,VIRTUAL,extra=[android.telephony.TelephonyManager/getDeviceId[], [0]]>"
"edu.mit.activity_asynchronous_event_ordering.MainActivity/imei","359874043116909","<6 INVOKE,VIRTUAL,extra=[android.telephony.TelephonyManager/getDeviceId[], [0]]>"
"sendTextMessage","359874043116909","<6 INVOKE,VIRTUAL,extra=[android.telephony.TelephonyManager/getDeviceId[], [0]]>"
"i","359874043116909","<6 INVOKE,VIRTUAL,extra=[android.telephony.TelephonyManager/getDeviceId[], [0]]>"
"edu.mit.activity_asynchronous_event_ordering.MainActivity/imei","359874043116909","<6 INVOKE,VIRTUAL,extra=[android.telephony.TelephonyManager/getDeviceId[], [0]]>"
"sendTextMessage","359874043116909","<6 INVOKE,VIRTUAL,extra=[android.telephony.TelephonyManager/getDeviceId[], [0]]>"
"i","359874043116909","<6 INVOKE,VIRTUAL,extra=[android.telephony.TelephonyManager/getDeviceId[], [0]]>"
"edu.mit.activity_asynchronous_event_ordering.MainActivity/imei","359874043116909","<6 INVOKE,VIRTUAL,extra=[android.telephony.TelephonyManager/getDeviceId[], [0]]>"
"sendTextMessage","359874043116909","<6 INVOKE,VIRTUAL,extra=[android.telephony.TelephonyManager/getDeviceId[], [0]]>"
"i","359874043116909","<6 INVOKE,VIRTUAL,extra=[android.telephony.TelephonyManager/getDeviceId[], [0]]>"
"edu.mit.activity_asynchronous_event_ordering.MainActivity/imei","359874043116909","<6 INVOKE,VIRTUAL,extra=[android.telephony.TelephonyManager/getDeviceId[], [0]]>"
"sendTextMessage","359874043116909","<6 INVOKE,VIRTUAL,extra=[android.telephony.TelephonyManager/getDeviceId[], [0]]>"
"i","359874043116909","<6 INVOKE,VIRTUAL,extra=[android.telephony.TelephonyManager/getDeviceId[], [0]]>"
"edu.mit.activity_asynchronous_event_ordering.MainActivity/imei","359874043116909","<6 INVOKE,VIRTUAL,extra=[android.telephony.TelephonyManager/getDeviceId[], [0]]>"
"sendTextMessage","359874043116909","<6 INVOKE,VIRTUAL,extra=[android.telephony.TelephonyManager/getDeviceId[], [0]]>"
"i","359874043116909","<6 INVOKE,VIRTUAL,extra=[android.telephony.TelephonyManager/getDeviceId[], [0]]>"
"edu.mit.activity_asynchronous_event_ordering.MainActivity/imei","359874043116909","<6 INVOKE,VIRTUAL,extra=[android.telephony.TelephonyManager/getDeviceId[], [0]]>"
"sendTextMessage","359874043116909","<6 INVOKE,VIRTUAL,extra=[android.telephony.TelephonyManager/getDeviceId[], [0]]>"
"i","359874043116909","<6 INVOKE,VIRTUAL,extra=[android.telephony.TelephonyManager/getDeviceId[], [0]]>"
"edu.mit.activity_asynchronous_event_ordering.MainActivity/imei","359874043116909","<6 INVOKE,VIRTUAL,extra=[android.telephony.TelephonyManager/getDeviceId[], [0]]>"
"sendTextMessage","359874043116909","<6 INVOKE,VIRTUAL,extra=[android.telephony.TelephonyManager/getDeviceId[], [0]]>"
"i","359874043116909","<6 INVOKE,VIRTUAL,extra=[android.telephony.TelephonyManager/getDeviceId[], [0]]>"
"edu.mit.activity_asynchronous_event_ordering.MainActivity/imei","359874043116909","<6 INVOKE,VIRTUAL,extra=[android.telephony.TelephonyManager/getDeviceId[], [0]]>"
"sendTextMessage","359874043116909","<6 INVOKE,VIRTUAL,extra=[android.telephony.TelephonyManager/getDeviceId[], [0]]>"
"i","359874043116909","<6 INVOKE,VIRTUAL,extra=[android.telephony.TelephonyManager/getDeviceId[], [0]]>"
"edu.mit.activity_asynchronous_event_ordering.MainActivity/imei","359874043116909","<6 INVOKE,VIRTUAL,extra=[android.telephony.TelephonyManager/getDeviceId[], [0]]>"
"sendTextMessage","359874043116909","<6 INVOKE,VIRTUAL,extra=[android.telephony.TelephonyManager/getDeviceId[], [0]]>"
"i","359874043116909","<6 INVOKE,VIRTUAL,extra=[android.telephony.TelephonyManager/getDeviceId[], [0]]>"
"edu.mit.activity_asynchronous_event_ordering.MainActivity/imei","359874043116909","<6 INVOKE,VIRTUAL,extra=[android.telephony.TelephonyManager/getDeviceId[], [0]]>"
"sendTextMessage","359874043116909","<6 INVOKE,VIRTUAL,extra=[android.telephony.TelephonyManager/getDeviceId[], [0]]>"
"i","359874043116909","<6 INVOKE,VIRTUAL,extra=[android.telephony.TelephonyManager/getDeviceId[], [0]]>"
"edu.mit.activity_asynchronous_event_ordering.MainActivity/imei","359874043116909","<6 INVOKE,VIRTUAL,extra=[android.telephony.TelephonyManager/getDeviceId[], [0]]>"
"sendTextMessage","359874043116909","<6 INVOKE,VIRTUAL,extra=[android.telephony.TelephonyManager/getDeviceId[], [0]]>"
"i","359874043116909","<6 INVOKE,VIRTUAL,extra=[android.telephony.TelephonyManager/getDeviceId[], [0]]>"
"edu.mit.activity_asynchronous_event_ordering.MainActivity/imei","359874043116909","<6 INVOKE,VIRTUAL,extra=[android.telephony.TelephonyManager/getDeviceId[], [0]]>"
"sendTextMessage","359874043116909","<6 INVOKE,VIRTUAL,extra=[android.telephony.TelephonyManager/getDeviceId[], [0]]>"
"i","359874043116909","<6 INVOKE,VIRTUAL,extra=[android.telephony.TelephonyManager/getDeviceId[], [0]]>"
"edu.mit.activity_asynchronous_event_ordering.MainActivity/imei","359874043116909","<6 INVOKE,VIRTUAL,extra=[android.telephony.TelephonyManager/getDeviceId[], [0]]>"
"sendTextMessage","359874043116909","<6 INVOKE,VIRTUAL,extra=[android.telephony.TelephonyManager/getDeviceId[], [0]]>"
"i","359874043116909","<6 INVOKE,VIRTUAL,extra=[android.telephony.TelephonyManager/getDeviceId[], [0]]>"
"edu.mit.activity_asynchronous_event_ordering.MainActivity/imei","359874043116909","<6 INVOKE,VIRTUAL,extra=[android.telephony.TelephonyManager/getDeviceId[], [0]]>"
"sendTextMessage","359874043116909","<6 INVOKE,VIRTUAL,extra=[android.telephony.TelephonyManager/getDeviceId[], [0]]>"
"i","359874043116909","<6 INVOKE,VIRTUAL,extra=[android.telephony.TelephonyManager/getDeviceId[], [0]]>"
"edu.mit.activity_asynchronous_event_ordering.MainActivity/imei","359874043116909","<6 INVOKE,VIRTUAL,extra=[android.telephony.TelephonyManager/getDeviceId[], [0]]>"
"sendTextMessage","359874043116909","<6 INVOKE,VIRTUAL,extra=[android.telephony.TelephonyManager/getDeviceId[], [0]]>"
"i","359874043116909","<6 INVOKE,VIRTUAL,extra=[android.telephony.TelephonyManager/getDeviceId[], [0]]>"
"edu.mit.activity_asynchronous_event_ordering.MainActivity/imei","359874043116909","<6 INVOKE,VIRTUAL,extra=[android.telephony.TelephonyManager/getDeviceId[], [0]]>"
"sendTextMessage","359874043116909","<6 INVOKE,VIRTUAL,extra=[android.telephony.TelephonyManager/getDeviceId[], [0]]>"
"i","359874043116909","<6 INVOKE,VIRTUAL,extra=[android.telephony.TelephonyManager/getDeviceId[], [0]]>"
"edu.mit.activity_asynchronous_event_ordering.MainActivity/imei","359874043116909","<6 INVOKE,VIRTUAL,extra=[android.telephony.TelephonyManager/getDeviceId[], [0]]>"
"sendTextMessage","359874043116909","<6 INVOKE,VIRTUAL,extra=[android.telephony.TelephonyManager/getDeviceId[], [0]]>"
"i","359874043116909","<6 INVOKE,VIRTUAL,extra=[android.telephony.TelephonyManager/getDeviceId[], [0]]>"
"edu.mit.activity_asynchronous_event_ordering.MainActivity/imei","359874043116909","<6 INVOKE,VIRTUAL,extra=[android.telephony.TelephonyManager/getDeviceId[], [0]]>"
"sendTextMessage","359874043116909","<6 INVOKE,VIRTUAL,extra=[android.telephony.TelephonyManager/getDeviceId[], [0]]>"
"i","359874043116909","<6 INVOKE,VIRTUAL,extra=[android.telephony.TelephonyManager/getDeviceId[], [0]]>"
"edu.mit.activity_asynchronous_event_ordering.MainActivity/imei","359874043116909","<6 INVOKE,VIRTUAL,extra=[android.telephony.TelephonyManager/getDeviceId[], [0]]>"
"sendTextMessage","359874043116909","<6 INVOKE,VIRTUAL,extra=[android.telephony.TelephonyManager/getDeviceId[], [0]]>"
"i","359874043116909","<6 INVOKE,VIRTUAL,extra=[android.telephony.TelephonyManager/getDeviceId[], [0]]>"
"edu.mit.activity_asynchronous_event_ordering.MainActivity/imei","359874043116909","<6 INVOKE,VIRTUAL,extra=[android.telephony.TelephonyManager/getDeviceId[], [0]]>"
"sendTextMessage","359874043116909","<6 INVOKE,VIRTUAL,extra=[android.telephony.TelephonyManager/getDeviceId[], [0]]>"
"i","359874043116909","<6 INVOKE,VIRTUAL,extra=[android.telephony.TelephonyManager/getDeviceId[], [0]]>"
"edu.mit.activity_asynchronous_event_ordering.MainActivity/imei","359874043116909","<6 INVOKE,VIRTUAL,extra=[android.telephony.TelephonyManager/getDeviceId[], [0]]>"
"sendTextMessage","359874043116909","<6 INVOKE,VIRTUAL,extra=[android.telephony.TelephonyManager/getDeviceId[], [0]]>"
"i","359874043116909","<6 INVOKE,VIRTUAL,extra=[android.telephony.TelephonyManager/getDeviceId[], [0]]>"
"edu.mit.activity_asynchronous_event_ordering.MainActivity/imei","359874043116909","<6 INVOKE,VIRTUAL,extra=[android.telephony.TelephonyManager/getDeviceId[], [0]]>"
"sendTextMessage","359874043116909","<6 INVOKE,VIRTUAL,extra=[android.telephony.TelephonyManager/getDeviceId[], [0]]>"
"i","359874043116909","<6 INVOKE,VIRTUAL,extra=[android.telephony.TelephonyManager/getDeviceId[], [0]]>"
"edu.mit.activity_asynchronous_event_ordering.MainActivity/imei","359874043116909","<6 INVOKE,VIRTUAL,extra=[android.telephony.TelephonyManager/getDeviceId[], [0]]>"
"sendTextMessage","359874043116909","<6 INVOKE,VIRTUAL,extra=[android.telephony.TelephonyManager/getDeviceId[], [0]]>"
"i","359874043116909","<6 INVOKE,VIRTUAL,extra=[android.telephony.TelephonyManager/getDeviceId[], [0]]>"
"edu.mit.activity_asynchronous_event_ordering.MainActivity/imei","359874043116909","<6 INVOKE,VIRTUAL,extra=[android.telephony.TelephonyManager/getDeviceId[], [0]]>"
"sendTextMessage","359874043116909","<6 INVOKE,VIRTUAL,extra=[android.telephony.TelephonyManager/getDeviceId[], [0]]>"
"i","359874043116909","<6 INVOKE,VIRTUAL,extra=[android.telephony.TelephonyManager/getDeviceId[], [0]]>"
"edu.mit.activity_asynchronous_event_ordering.MainActivity/imei","359874043116909","<6 INVOKE,VIRTUAL,extra=[android.telephony.TelephonyManager/getDeviceId[], [0]]>"
"sendTextMessage","359874043116909","<6 INVOKE,VIRTUAL,extra=[android.telephony.TelephonyManager/getDeviceId[], [0]]>"
"i","359874043116909","<6 INVOKE,VIRTUAL,extra=[android.telephony.TelephonyManager/getDeviceId[], [0]]>"
"edu.mit.activity_asynchronous_event_ordering.MainActivity/imei","359874043116909","<6 INVOKE,VIRTUAL,extra=[android.telephony.TelephonyManager/getDeviceId[], [0]]>"
"sendTextMessage","359874043116909","<6 INVOKE,VIRTUAL,extra=[android.telephony.TelephonyManager/getDeviceId[], [0]]>"
"i","359874043116909","<6 INVOKE,VIRTUAL,extra=[android.telephony.TelephonyManager/getDeviceId[], [0]]>"
"edu.mit.activity_asynchronous_event_ordering.MainActivity/imei","359874043116909","<6 INVOKE,VIRTUAL,extra=[android.telephony.TelephonyManager/getDeviceId[], [0]]>"
"sendTextMessage","359874043116909","<6 INVOKE,VIRTUAL,extra=[android.telephony.TelephonyManager/getDeviceId[], [0]]>"
"i","359874043116909","<6 INVOKE,VIRTUAL,extra=[android.telephony.TelephonyManager/getDeviceId[], [0]]>"
"edu.mit.activity_asynchronous_event_ordering.MainActivity/imei","359874043116909","<6 INVOKE,VIRTUAL,extra=[android.telephony.TelephonyManager/getDeviceId[], [0]]>"
"sendTextMessage","359874043116909","<6 INVOKE,VIRTUAL,extra=[android.telephony.TelephonyManager/getDeviceId[], [0]]>"
"i","359874043116909","<6 INVOKE,VIRTUAL,extra=[android.telephony.TelephonyManager/getDeviceId[], [0]]>"
"edu.mit.activity_asynchronous_event_ordering.MainActivity/imei","359874043116909","<6 INVOKE,VIRTUAL,extra=[android.telephony.TelephonyManager/getDeviceId[], [0]]>"
"sendTextMessage","359874043116909","<6 INVOKE,VIRTUAL,extra=[android.telephony.TelephonyManager/getDeviceId[], [0]]>"
"i","359874043116909","<6 INVOKE,VIRTUAL,extra=[android.telephony.TelephonyManager/getDeviceId[], [0]]>"
"edu.mit.activity_asynchronous_event_ordering.MainActivity/imei","359874043116909","<6 INVOKE,VIRTUAL,extra=[android.telephony.TelephonyManager/getDeviceId[], [0]]>"
"sendTextMessage","359874043116909","<6 INVOKE,VIRTUAL,extra=[android.telephony.TelephonyManager/getDeviceId[], [0]]>"
"i","359874043116909","<6 INVOKE,VIRTUAL,extra=[android.telephony.TelephonyManager/getDeviceId[], [0]]>"
"edu.mit.activity_asynchronous_event_ordering.MainActivity/imei","359874043116909","<6 INVOKE,VIRTUAL,extra=[android.telephony.TelephonyManager/getDeviceId[], [0]]>"
"sendTextMessage","359874043116909","<6 INVOKE,VIRTUAL,extra=[android.telephony.TelephonyManager/getDeviceId[], [0]]>"
"i","359874043116909","<6 INVOKE,VIRTUAL,extra=[android.telephony.TelephonyManager/getDeviceId[], [0]]>"
"edu.mit.activity_asynchronous_event_ordering.MainActivity/imei","359874043116909","<6 INVOKE,VIRTUAL,extra=[android.telephony.TelephonyManager/getDeviceId[], [0]]>"
"sendTextMessage","359874043116909","<6 INVOKE,VIRTUAL,extra=[android.telephony.TelephonyManager/getDeviceId[], [0]]>"
"i","359874043116909","<6 INVOKE,VIRTUAL,extra=[android.telephony.TelephonyManager/getDeviceId[], [0]]>"
"edu.mit.activity_asynchronous_event_ordering.MainActivity/imei","359874043116909","<6 INVOKE,VIRTUAL,extra=[android.telephony.TelephonyManager/getDeviceId[], [0]]>"
"sendTextMessage","359874043116909","<6 INVOKE,VIRTUAL,extra=[android.telephony.TelephonyManager/getDeviceId[], [0]]>"
"i","359874043116909","<6 INVOKE,VIRTUAL,extra=[android.telephony.TelephonyManager/getDeviceId[], [0]]>"
"edu.mit.activity_asynchronous_event_ordering.MainActivity/imei","359874043116909","<6 INVOKE,VIRTUAL,extra=[android.telephony.TelephonyManager/getDeviceId[], [0]]>"
"sendTextMessage","359874043116909","<6 INVOKE,VIRTUAL,extra=[android.telephony.TelephonyManager/getDeviceId[], [0]]>"
"i","359874043116909","<6 INVOKE,VIRTUAL,extra=[android.telephony.TelephonyManager/getDeviceId[], [0]]>"
"edu.mit.activity_asynchronous_event_ordering.MainActivity/imei","359874043116909","<6 INVOKE,VIRTUAL,extra=[android.telephony.TelephonyManager/getDeviceId[], [0]]>"
"sendTextMessage","359874043116909","<6 INVOKE,VIRTUAL,extra=[android.telephony.TelephonyManager/getDeviceId[], [0]]>"
"i","359874043116909","<6 INVOKE,VIRTUAL,extra=[android.telephony.TelephonyManager/getDeviceId[], [0]]>"
"edu.mit.activity_asynchronous_event_ordering.MainActivity/imei","359874043116909","<6 INVOKE,VIRTUAL,extra=[android.telephony.TelephonyManager/getDeviceId[], [0]]>"
"sendTextMessage","359874043116909","<6 INVOKE,VIRTUAL,extra=[android.telephony.TelephonyManager/getDeviceId[], [0]]>"
"i","359874043116909","<6 INVOKE,VIRTUAL,extra=[android.telephony.TelephonyManager/getDeviceId[], [0]]>"
"edu.mit.activity_asynchronous_event_ordering.MainActivity/imei","359874043116909","<6 INVOKE,VIRTUAL,extra=[android.telephony.TelephonyManager/getDeviceId[], [0]]>"
"sendTextMessage","359874043116909","<6 INVOKE,VIRTUAL,extra=[android.telephony.TelephonyManager/getDeviceId[], [0]]>"
"i","359874043116909","<6 INVOKE,VIRTUAL,extra=[android.telephony.TelephonyManager/getDeviceId[], [0]]>"
"edu.mit.activity_asynchronous_event_ordering.MainActivity/imei","359874043116909","<6 INVOKE,VIRTUAL,extra=[android.telephony.TelephonyManager/getDeviceId[], [0]]>"
"sendTextMessage","359874043116909","<6 INVOKE,VIRTUAL,extra=[android.telephony.TelephonyManager/getDeviceId[], [0]]>"
"i","359874043116909","<6 INVOKE,VIRTUAL,extra=[android.telephony.TelephonyManager/getDeviceId[], [0]]>"
"edu.mit.activity_asynchronous_event_ordering.MainActivity/imei","359874043116909","<6 INVOKE,VIRTUAL,extra=[android.telephony.TelephonyManager/getDeviceId[], [0]]>"
"sendTextMessage","359874043116909","<6 INVOKE,VIRTUAL,extra=[android.telephony.TelephonyManager/getDeviceId[], [0]]>"
"i","359874043116909","<6 INVOKE,VIRTUAL,extra=[android.telephony.TelephonyManager/getDeviceId[], [0]]>"
"edu.mit.activity_asynchronous_event_ordering.MainActivity/imei","359874043116909","<6 INVOKE,VIRTUAL,extra=[android.telephony.TelephonyManager/getDeviceId[], [0]]>"
"sendTextMessage","359874043116909","<6 INVOKE,VIRTUAL,extra=[android.telephony.TelephonyManager/getDeviceId[], [0]]>"
"i","359874043116909","<6 INVOKE,VIRTUAL,extra=[android.telephony.TelephonyManager/getDeviceId[], [0]]>"
"edu.mit.activity_asynchronous_event_ordering.MainActivity/imei","359874043116909","<6 INVOKE,VIRTUAL,extra=[android.telephony.TelephonyManager/getDeviceId[], [0]]>"
"sendTextMessage","359874043116909","<6 INVOKE,VIRTUAL,extra=[android.telephony.TelephonyManager/getDeviceId[], [0]]>"
"i","359874043116909","<6 INVOKE,VIRTUAL,extra=[android.telephony.TelephonyManager/getDeviceId[], [0]]>"
"edu.mit.activity_asynchronous_event_ordering.MainActivity/imei","359874043116909","<6 INVOKE,VIRTUAL,extra=[android.telephony.TelephonyManager/getDeviceId[], [0]]>"
"sendTextMessage","359874043116909","<6 INVOKE,VIRTUAL,extra=[android.telephony.TelephonyManager/getDeviceId[], [0]]>"
"i","359874043116909","<6 INVOKE,VIRTUAL,extra=[android.telephony.TelephonyManager/getDeviceId[], [0]]>"
"edu.mit.activity_asynchronous_event_ordering.MainActivity/imei","359874043116909","<6 INVOKE,VIRTUAL,extra=[android.telephony.TelephonyManager/getDeviceId[], [0]]>"
"sendTextMessage","359874043116909","<6 INVOKE,VIRTUAL,extra=[android.telephony.TelephonyManager/getDeviceId[], [0]]>"
"i","359874043116909","<6 INVOKE,VIRTUAL,extra=[android.telephony.TelephonyManager/getDeviceId[], [0]]>"
"edu.mit.activity_asynchronous_event_ordering.MainActivity/imei","359874043116909","<6 INVOKE,VIRTUAL,extra=[android.telephony.TelephonyManager/getDeviceId[], [0]]>"
"sendTextMessage","359874043116909","<6 INVOKE,VIRTUAL,extra=[android.telephony.TelephonyManager/getDeviceId[], [0]]>"
"i","359874043116909","<6 INVOKE,VIRTUAL,extra=[android.telephony.TelephonyManager/getDeviceId[], [0]]>"
"edu.mit.activity_asynchronous_event_ordering.MainActivity/imei","359874043116909","<6 INVOKE,VIRTUAL,extra=[android.telephony.TelephonyManager/getDeviceId[], [0]]>"
"sendTextMessage","359874043116909","<6 INVOKE,VIRTUAL,extra=[android.telephony.TelephonyManager/getDeviceId[], [0]]>"
"i","359874043116909","<6 INVOKE,VIRTUAL,extra=[android.telephony.TelephonyManager/getDeviceId[], [0]]>"
"edu.mit.activity_asynchronous_event_ordering.MainActivity/imei","359874043116909","<6 INVOKE,VIRTUAL,extra=[android.telephony.TelephonyManager/getDeviceId[], [0]]>"
"sendTextMessage","359874043116909","<6 INVOKE,VIRTUAL,extra=[android.telephony.TelephonyManager/getDeviceId[], [0]]>"
"i","359874043116909","<6 INVOKE,VIRTUAL,extra=[android.telephony.TelephonyManager/getDeviceId[], [0]]>"
"edu.mit.activity_asynchronous_event_ordering.MainActivity/imei","359874043116909","<6 INVOKE,VIRTUAL,extra=[android.telephony.TelephonyManager/getDeviceId[], [0]]>"
"sendTextMessage","359874043116909","<6 INVOKE,VIRTUAL,extra=[android.telephony.TelephonyManager/getDeviceId[], [0]]>"
"i","359874043116909","<6 INVOKE,VIRTUAL,extra=[android.telephony.TelephonyManager/getDeviceId[], [0]]>"
"edu.mit.activity_asynchronous_event_ordering.MainActivity/imei","359874043116909","<6 INVOKE,VIRTUAL,extra=[android.telephony.TelephonyManager/getDeviceId[], [0]]>"
"sendTextMessage","359874043116909","<6 INVOKE,VIRTUAL,extra=[android.telephony.TelephonyManager/getDeviceId[], [0]]>"
"i","359874043116909","<6 INVOKE,VIRTUAL,extra=[android.telephony.TelephonyManager/getDeviceId[], [0]]>"
"edu.mit.activity_asynchronous_event_ordering.MainActivity/imei","359874043116909","<6 INVOKE,VIRTUAL,extra=[android.telephony.TelephonyManager/getDeviceId[], [0]]>"
"sendTextMessage","359874043116909","<6 INVOKE,VIRTUAL,extra=[android.telephony.TelephonyManager/getDeviceId[], [0]]>"
"i","359874043116909","<6 INVOKE,VIRTUAL,extra=[android.telephony.TelephonyManager/getDeviceId[], [0]]>"
"edu.mit.activity_asynchronous_event_ordering.MainActivity/imei","359874043116909","<6 INVOKE,VIRTUAL,extra=[android.telephony.TelephonyManager/getDeviceId[], [0]]>"
"sendTextMessage","359874043116909","<6 INVOKE,VIRTUAL,extra=[android.telephony.TelephonyManager/getDeviceId[], [0]]>"
"i","359874043116909","<6 INVOKE,VIRTUAL,extra=[android.telephony.TelephonyManager/getDeviceId[], [0]]>"
"edu.mit.activity_asynchronous_event_ordering.MainActivity/imei","359874043116909","<6 INVOKE,VIRTUAL,extra=[android.telephony.TelephonyManager/getDeviceId[], [0]]>"
"sendTextMessage","359874043116909","<6 INVOKE,VIRTUAL,extra=[android.telephony.TelephonyManager/getDeviceId[], [0]]>"
"i","359874043116909","<6 INVOKE,VIRTUAL,extra=[android.telephony.TelephonyManager/getDeviceId[], [0]]>"
"edu.mit.activity_asynchronous_event_ordering.MainActivity/imei","359874043116909","<6 INVOKE,VIRTUAL,extra=[android.telephony.TelephonyManager/getDeviceId[], [0]]>"
"sendTextMessage","359874043116909","<6 INVOKE,VIRTUAL,extra=[android.telephony.TelephonyManager/getDeviceId[], [0]]>"
"i","359874043116909","<6 INVOKE,VIRTUAL,extra=[android.telephony.TelephonyManager/getDeviceId[], [0]]>"
"edu.mit.activity_asynchronous_event_ordering.MainActivity/imei","359874043116909","<6 INVOKE,VIRTUAL,extra=[android.telephony.TelephonyManager/getDeviceId[], [0]]>"
"sendTextMessage","359874043116909","<6 INVOKE,VIRTUAL,extra=[android.telephony.TelephonyManager/getDeviceId[], [0]]>"
"i","359874043116909","<6 INVOKE,VIRTUAL,extra=[android.telephony.TelephonyManager/getDeviceId[], [0]]>"
"edu.mit.activity_asynchronous_event_ordering.MainActivity/imei","359874043116909","<6 INVOKE,VIRTUAL,extra=[android.telephony.TelephonyManager/getDeviceId[], [0]]>"
"sendTextMessage","359874043116909","<6 INVOKE,VIRTUAL,extra=[android.telephony.TelephonyManager/getDeviceId[], [0]]>"
"i","359874043116909","<6 INVOKE,VIRTUAL,extra=[android.telephony.TelephonyManager/getDeviceId[], [0]]>"
"edu.mit.activity_asynchronous_event_ordering.MainActivity/imei","359874043116909","<6 INVOKE,VIRTUAL,extra=[android.telephony.TelephonyManager/getDeviceId[], [0]]>"
"sendTextMessage","359874043116909","<6 INVOKE,VIRTUAL,extra=[android.telephony.TelephonyManager/getDeviceId[], [0]]>"
"i","359874043116909","<6 INVOKE,VIRTUAL,extra=[android.telephony.TelephonyManager/getDeviceId[], [0]]>"
"edu.mit.activity_asynchronous_event_ordering.MainActivity/imei","359874043116909","<6 INVOKE,VIRTUAL,extra=[android.telephony.TelephonyManager/getDeviceId[], [0]]>"
"sendTextMessage","359874043116909","<6 INVOKE,VIRTUAL,extra=[android.telephony.TelephonyManager/getDeviceId[], [0]]>"
"i","359874043116909","<6 INVOKE,VIRTUAL,extra=[android.telephony.TelephonyManager/getDeviceId[], [0]]>"
"edu.mit.activity_asynchronous_event_ordering.MainActivity/imei","359874043116909","<6 INVOKE,VIRTUAL,extra=[android.telephony.TelephonyManager/getDeviceId[], [0]]>"
"sendTextMessage","359874043116909","<6 INVOKE,VIRTUAL,extra=[android.telephony.TelephonyManager/getDeviceId[], [0]]>"
"i","359874043116909","<6 INVOKE,VIRTUAL,extra=[android.telephony.TelephonyManager/getDeviceId[], [0]]>"
"edu.mit.activity_asynchronous_event_ordering.MainActivity/imei","359874043116909","<6 INVOKE,VIRTUAL,extra=[android.telephony.TelephonyManager/getDeviceId[], [0]]>"
"sendTextMessage","359874043116909","<6 INVOKE,VIRTUAL,extra=[android.telephony.TelephonyManager/getDeviceId[], [0]]>"
"i","359874043116909","<6 INVOKE,VIRTUAL,extra=[android.telephony.TelephonyManager/getDeviceId[], [0]]>"
"edu.mit.activity_asynchronous_event_ordering.MainActivity/imei","359874043116909","<6 INVOKE,VIRTUAL,extra=[android.telephony.TelephonyManager/getDeviceId[], [0]]>"
"sendTextMessage","359874043116909","<6 INVOKE,VIRTUAL,extra=[android.telephony.TelephonyManager/getDeviceId[], [0]]>"
"i","359874043116909","<6 INVOKE,VIRTUAL,extra=[android.telephony.TelephonyManager/getDeviceId[], [0]]>"
"edu.mit.activity_asynchronous_event_ordering.MainActivity/imei","359874043116909","<6 INVOKE,VIRTUAL,extra=[android.telephony.TelephonyManager/getDeviceId[], [0]]>"
"sendTextMessage","359874043116909","<6 INVOKE,VIRTUAL,extra=[android.telephony.TelephonyManager/getDeviceId[], [0]]>"
"i","359874043116909","<6 INVOKE,VIRTUAL,extra=[android.telephony.TelephonyManager/getDeviceId[], [0]]>"
"edu.mit.activity_asynchronous_event_ordering.MainActivity/imei","359874043116909","<6 INVOKE,VIRTUAL,extra=[android.telephony.TelephonyManager/getDeviceId[], [0]]>"
"sendTextMessage","359874043116909","<6 INVOKE,VIRTUAL,extra=[android.telephony.TelephonyManager/getDeviceId[], [0]]>"
"i","359874043116909","<6 INVOKE,VIRTUAL,extra=[android.telephony.TelephonyManager/getDeviceId[], [0]]>"
"edu.mit.activity_asynchronous_event_ordering.MainActivity/imei","359874043116909","<6 INVOKE,VIRTUAL,extra=[android.telephony.TelephonyManager/getDeviceId[], [0]]>"
"sendTextMessage","359874043116909","<6 INVOKE,VIRTUAL,extra=[android.telephony.TelephonyManager/getDeviceId[], [0]]>"
"i","359874043116909","<6 INVOKE,VIRTUAL,extra=[android.telephony.TelephonyManager/getDeviceId[], [0]]>"
"edu.mit.activity_asynchronous_event_ordering.MainActivity/imei","359874043116909","<6 INVOKE,VIRTUAL,extra=[android.telephony.TelephonyManager/getDeviceId[], [0]]>"
"sendTextMessage","359874043116909","<6 INVOKE,VIRTUAL,extra=[android.telephony.TelephonyManager/getDeviceId[], [0]]>"
"i","359874043116909","<6 INVOKE,VIRTUAL,extra=[android.telephony.TelephonyManager/getDeviceId[], [0]]>"
"edu.mit.activity_asynchronous_event_ordering.MainActivity/imei","359874043116909","<6 INVOKE,VIRTUAL,extra=[android.telephony.TelephonyManager/getDeviceId[], [0]]>"
"sendTextMessage","359874043116909","<6 INVOKE,VIRTUAL,extra=[android.telephony.TelephonyManager/getDeviceId[], [0]]>"
"i","359874043116909","<6 INVOKE,VIRTUAL,extra=[android.telephony.TelephonyManager/getDeviceId[], [0]]>"
