"de.ecspride.MainActivity$MyRunnable: deviceId","359874043116909","<13 INVOKE,VIRTUAL,extra=[android.telephony.TelephonyManager/getDeviceId[], [0]]>"
"de.ecspride.MainActivity$MyRunnable: deviceId","359874043116909","<13 INVOKE,VIRTUAL,extra=[android.telephony.TelephonyManager/getDeviceId[], [0]]>"
"de.ecspride.MainActivity$MyRunnable: deviceId","359874043116909","<13 INVOKE,VIRTUAL,extra=[android.telephony.TelephonyManager/getDeviceId[], [0]]>"
"de.ecspride.MainActivity$MyRunnable: deviceId","359874043116909","<13 INVOKE,VIRTUAL,extra=[android.telephony.TelephonyManager/getDeviceId[], [0]]>"
"de.ecspride.MainActivity$MyRunnable: deviceId","359874043116909","<13 INVOKE,VIRTUAL,extra=[android.telephony.TelephonyManager/getDeviceId[], [0]]>"
"de.ecspride.MainActivity$MyRunnable: deviceId","359874043116909","<13 INVOKE,VIRTUAL,extra=[android.telephony.TelephonyManager/getDeviceId[], [0]]>"
"de.ecspride.MainActivity$MyRunnable: deviceId","359874043116909","<13 INVOKE,VIRTUAL,extra=[android.telephony.TelephonyManager/getDeviceId[], [0]]>"
"de.ecspride.MainActivity$MyRunnable: deviceId","359874043116909","<13 INVOKE,VIRTUAL,extra=[android.telephony.TelephonyManager/getDeviceId[], [0]]>"
"de.ecspride.MainActivity$MyRunnable: deviceId","359874043116909","<13 INVOKE,VIRTUAL,extra=[android.telephony.TelephonyManager/getDeviceId[], [0]]>"
"de.ecspride.MainActivity$MyRunnable: deviceId","359874043116909","<13 INVOKE,VIRTUAL,extra=[android.telephony.TelephonyManager/getDeviceId[], [0]]>"
"de.ecspride.MainActivity$MyRunnable: deviceId","359874043116909","<13 INVOKE,VIRTUAL,extra=[android.telephony.TelephonyManager/getDeviceId[], [0]]>"
"de.ecspride.MainActivity$MyRunnable: deviceId","359874043116909","<13 INVOKE,VIRTUAL,extra=[android.telephony.TelephonyManager/getDeviceId[], [0]]>"
"de.ecspride.MainActivity$MyRunnable: deviceId","359874043116909","<13 INVOKE,VIRTUAL,extra=[android.telephony.TelephonyManager/getDeviceId[], [0]]>"
"de.ecspride.MainActivity$MyRunnable: deviceId","359874043116909","<13 INVOKE,VIRTUAL,extra=[android.telephony.TelephonyManager/getDeviceId[], [0]]>"
"de.ecspride.MainActivity$MyRunnable: deviceId","359874043116909","<13 INVOKE,VIRTUAL,extra=[android.telephony.TelephonyManager/getDeviceId[], [0]]>"
"de.ecspride.MainActivity$MyRunnable: deviceId","359874043116909","<13 INVOKE,VIRTUAL,extra=[android.telephony.TelephonyManager/getDeviceId[], [0]]>"
"de.ecspride.MainActivity$MyRunnable: deviceId","359874043116909","<13 INVOKE,VIRTUAL,extra=[android.telephony.TelephonyManager/getDeviceId[], [0]]>"
"de.ecspride.MainActivity$MyRunnable: deviceId","359874043116909","<13 INVOKE,VIRTUAL,extra=[android.telephony.TelephonyManager/getDeviceId[], [0]]>"
